Name,Sequence,Fitness
S5,MQTRRVVLKSAAAAGTLLGGLAGCASVAGSIGTGDRINTVRGPITISEAGFTLTHEHICGSSAGFLRAWPEFFGSRKALAEKAVRGLRRARAAGVRTIVDVSTFDIGRDVSLLAEVSRAADVHIVAATGLWFDPPLSMRLRSVEELTQFFLREIQYGIEDTGIRAGIIKVATTGKATPFQELVLRAAARASLATGVPVTTHTAASQRGGEQQAAIFESEGLSPSRVCIGHSDDTDDLSYLTALAARGYLIGLDHIPHSAIGLEDNASASALLGIRSWQTRALLIKALIDQGYMKQILVSNDWLFGFSSYVTNIMDVMDSVNPDGMAFIPLRVIPFLREKGVPQETLAGITVTNPARFLSPTLRAS,0.000245455
R0-106+132,MQTRRVVLKSAAAAGTLLGGLAGCASVAGSIGTGDRINTVRGPITISEAGFTLTHEHICGSSAGFLRAWPEFFGSRKALAEKAVRGLRRARAAGVRTIVDVSTFDIGRDVSLLAEVSRAADVHIVAATGLWFDPPLSMRLRSVEELTQFFLREIQYGIEDTGIRAGIIKVATTGKVTPFQELVLRAAARASLATGVPVTTHTAASQRGGEQQAAIFESEGLSPSRVCIGHSDDTDDLSYLTALAARGYLIGLDHIPHSAIGLEDNASASALLGIRSWQTRALLIKALIDQGYMKQILVSNDWLFGFSSYVTNIMDVMDSVNPDGMAFIPLRVIPFLREKGIPQETLAGITVTNPARFLSPTLRAS,0.000314286
R0-106,MQTRRVVLKSAAAAGTLLGGLAGCASVAGSIGTGDRINTVRGPITISEAGFTLTHEHICGSSAGFLRAWPEFFGSRKALAEKAVRGLRRARAAGVRTIVDVSTFDLGRDVSLLAEVSRAADVHIVAATGLWFDPPLSMRLRSVEELTQFFLREIQYGIEDTGIRAGIIKVATTGKVTPFQELVLRAAARASLATGVPVTTHTAASQRGGEQQAAIFESEGLSPSRVCIGHSDDTDDLSYLTALAARGYLIGLDHIPHSAIGLEDNASASALLGIRSWQTRALLIKALIDQGYMKQILVSNDWLFGFSSYVTNIMDVMDSVNPDGMAFIPLRVIPFLREKGIPQETLAGITVTNPARFLSPTLRAS,0.001052632
R0-132,MQTRRVVLKSAAAAGTLLGGLAGCASVAGSIGTGDRINTVRGPITISEAGFTLTHEHICGSSAGFLRAWPEFFGSRKALAEKAVRGLRRARAAGVRTIVDVSTFDIGRDVSLLAEVSRAADVHIVAATGLWLDPPLSMRLRSVEELTQFFLREIQYGIEDTGIRAGIIKVATTGKVTPFQELVLRAAARASLATGVPVTTHTAASQRGGEQQAAIFESEGLSPSRVCIGHSDDTDDLSYLTALAARGYLIGLDHIPHSAIGLEDNASASALLGIRSWQTRALLIKALIDQGYMKQILVSNDWLFGFSSYVTNIMDVMDSVNPDGMAFIPLRVIPFLREKGIPQETLAGITVTNPARFLSPTLRAS,0.000342105
R0,MQTRRVVLKSAAAAGTLLGGLAGCASVAGSIGTGDRINTVRGPITISEAGFTLTHEHICGSSAGFLRAWPEFFGSRKALAEKAVRGLRRARAAGVRTIVDVSTFDLGRDVSLLAEVSRAADVHIVAATGLWLDPPLSMRLRSVEELTQFFLREIQYGIEDTGIRAGIIKVATTGKVTPFQELVLRAAARASLATGVPVTTHTAASQRGGEQQAAIFESEGLSPSRVCIGHSDDTDDLSYLTALAARGYLIGLDHIPHSAIGLEDNASASALLGIRSWQTRALLIKALIDQGYMKQILVSNDWLFGFSSYVTNIMDVMDSVNPDGMAFIPLRVIPFLREKGIPQETLAGITVTNPARFLSPTLRAS,0.000418994
S1-ex-R0,MQTRRVVLKSAAAAGTLLGGLAGCASVAGSIGTGDRINTVRGPITISEAGFTLTHEHICGSSAGFLRAWPEFFGSRKALAEKAVRGLRRARAAGVRTIVDVSTFDLGRDVSLLAEVSRAADVHIVAATGLWLDPPLSMRLRSVEELTQFFLREIQYGIEDTGIRAGIIKVATTGKVTPFQELVLRAAARASLATGVPVTTHTAASQRGGEQQAAIFESEGLSPSRVCIGHSDDTDDLSYLTALAARGYLIGLDSIPHSAIGLEDNASASALLGIRSWQTRALLIKALIDQGYMKQILVSNDWLFGFSSYVTNIMDVMDSVNPDGMAFIPLRVIPFLREKGIPQETLAGITVTNPARFLSPTLRAS,0.000576923
S2-ex-R1,MQTRRVVLKSAAAAGTLLGGLAGCASVAGSIGTGDRINTVRGPITISEAGFTLTHEHICGSSAGFLRAWPEFFGSRKALAEKAVRGLRRARAAGVRTIVDVSTFDLGRDVSLLAEVSRAADVHIVAATGLWLDPPLSMRLRSVEELTQFFLREIQYGIEDTGIRAGIIKVATTGKVTPFQELVLRAAARASLATGVPVTTHTAASQRGGEQQAAIFESEGLSPSRVCIGHSDDTDDLSYLTALAARGYLIGLDSIPHSAIGLEDNASASALLGIRSWQTRALLIKALIDQGYTKQILVSNDWLFGISSYVTNIMDVMDSVNPDGMAFIPLRVIPFLREKGIPQETLAGITVTNPARFLSPTLRAS,0.004219031
S3-ex-R2,MQTRRVVLKSAAAAGTLLGGLAGCASVAGSIGTGDRINTVRGPITISEAGFTLTHEHICGSSAGFLRAWPEFFGSRKALAEKAVRGLRRARAAGVRTIVDVSTFDLGRDVSLLAEVSRAADVHIVAATGLWLDPPLSMRLRSVEELTQFFLREIQYGIEDTGIRAGIIKVATTGKVTPFQELVLRAAARASLATGVPVTTHTAASQRGGEQQAAIFESEGLSPSRVCIGHSDATDDLSYLTALAARGYLIGLDSIPHSAIGLEDNASASAHLGIRSWQTRALLIKALIDQGYTKQILVSNDWLFGISSYVTNIMDVMDSVNPDGMAFIPLRVIPFLREKGIPQETLAGITVTNPARFLSPTLRAS,0.016130435
S5-ex-R3,MQTRRVVLKSAAAAGTLLGGLAGCASVAGSIGTGDRINTVRGPITISEAGFTLTHEHICGSSAGFLRAWPEFFGSRKALAEKAVRGLRRARAAGVRTIVDVSTFDLGRDVSLLAEVSRAADVHIVAATGLWLDPPLSMRLRSVEELTQFFLREIQYGIEDTGIRAGIIKVATTGKVTPFQELVLRAAARASLATGVPVTTHTAASQRGGEQQAAILESEGLSPSRVCIGHSDATDDLSYLTALAARGYLIGLDSIPHSAIGLEDNASASAHLGIRSWQTRALLIKALIDQGYTKQILVSNDWLFGISSYVTNIMDVMDSGNPDGMAFIPLRVIPFLREKGIPQETLAGITVTNPARFLSPTLRAS,0.021784512
S6-ex-R4,MQTRRVVLKSAAAAGTLLGGLAGCASVAGSIGTGDRINTVRGPITISEAGFTLTHEHICGSSAGFLRAWPEFFGSRKALAEKAVRGLRRARAAGVRTIVDVSTFDLGRDVSLLAEVSRAADVHIVAATGLWLDPPLSMRLRSVEELTQFFLREIQYGIEDTGIRAGIIKVATTGKVTPFQELVLRAAARASLATGVPVTTHTAASQRGGEQQAAILESEGLSPSRVCIGHSDAADDLSYLTALAARGYLIGLDSIPHSAIGLGDNASASAHLGIRSWQTRALLIKALIDQGYTKQILVSNDWLFGISSYVTNIMDVMDSGNPDGMAFIPLRVIPFLREKGIPQETLAGITVTNPARFLSPTLRAS,0.021428571
S7-ex-R5,MQTRRVVLKSAAAAGTLLGGLAGCASVAGSIGTGDRINTVRGPITISEAGFTLTHEHICGSSAGFLRAWPEFFGSRKALAEKAVRGLRRARAAGVRTIVDVSTFDLGRDVSLLAEVSRAADVHIVAATGLWLDPPLSMRLRSVEELTQFFLREIQYGIEDTGIRAGIIKVATTGKVTPFQELVLRAAARASLATGVPVTTHTAASQRGGEQQAAILESEGLSPSRVCIGHSDAADDLSYLTALAARGYLIGLDSIPHSAVGLGDNASASAHLGIRSWQTRALLIKALIDQGYTKQILVSNDWLFGISSYVTNIMDVMDSGNPDGMAFIPLRVIPFLREKGIPQETLAGITVTNPARFLSPTLRAS,0.041891892
S8-ex-R6,MQTRRVVLKSAAAAGTLLGGLAGCASVAGSIGTGDRINTVRGPITISEAGFTLTHEHICGSSAGFLRAWPEFFGSRKALAEKAVRGLRRASAAGVRTIVDVSTFDLGRDVSLLAEVSRAADVHIVAATGLWLDPPLSMRLRSVEELTQFFLREIQYGIEDTGIRAGIIKVATTGKVTPFQELVLRAAARASLATGVPVTTHTAASQRGGEQQAAILESEGLSPSRVCIGHSDAADDLSYHTALAARGYLIGLDSIPHSAVGLGDNASASAHLGIRSWQTRALLIKALIDQGYTKQILVSNDWLFGISSYVTNIMDVMDSGNPDGMAFIPLRVIPFLREKGIPQETLAGITVTNPARFLSPTLRAS,0.028198582
S5-254R,MQTRRVVLKSAAAAGTLLGGLAGCASVAGSIGTGDRINTVRGPITISEAGFTLTHEHICGSSAGFLRAWPEFFGSRKALAEKAVRGLRRARAAGVRTIVDVSTFDLGRDVSLLAEVSRAADVHIVAATGLWLDPPLSMRLRSVEELTQFFLREIQYGIEDTGIRAGIIKVATTGKVTPFQELVLRAAARASLATGVPVTTHTAASQRGGEQQAAILESEGLSPSRVCIGHSDATDDLSYLTALAARGYLIGLDRIPHSAIGLEDNASASAHLGIRSWQTRALLIKALIDQGYTKQILVSNDWLFGISSYVTNIMDVMDSGNPDGMAFIPLRVIPFLREKGIPQETLAGITVTNPARFLSPTLRAS,0.0775
R2a,MQTRRVVLKSAAAAGTLLGGLAGCASVAGSIGTGDRINTVRGPITISEAGFTLTHEHICGSSAGFLRAWPEFFGSRKALAEKAVRGLRRARAAGVRTIVDVSTFDLGRDVSLLAEVSRAADVHIVAATGLWLDPPLSMRLRSVEELTQFFLREIQYGIEDTGIRAGIIKVATTGKVTPFQELVLRAAARASLATGVPVTTHTAASQRGGEQQAAIFESEGLSPSRVCIGHSDDTDDLSYLTALAARGYLIGLDRIPHSAIGLEDNASASALLGIRSWQTRALLIKALIDQGYMKQILVSNDWLFGLSSYVTNIMDVMDSVNPDGMAFIPLRVIPFLREKGIPQETLAGITVTNPARFLSPTLRAS,0.013181818
R3,MQTRRVVLKSAAAAGTLLGGLAGCASVAGSIGTGDRINTVRGPITISEAGFTLTHEHICGSSAGFLRAWPEFFGSRKALAEKAVRGLRRARAAGVRTIVDVSTFDLGRDVSLLAEVSRAADVHIVAATGLWLDPPLSMRLRSVEELTQFFLREIQYGIEDTGIRAGIIKVATTGKVTPFQELVLRAAARASLATGVPVTTHTAASQRGGEQQAAIFESEGLSPSRVCIGHSDDTDDLSYLTALAARGYLIGLDRIPHSAIGLEDNASASALLGSRSWQTRALLIKALIDQGYMKQILVSNDWLFGLSSYVTNIMDVMDSVNPDGMAFIPLRVIPFLREKGIPQETLAGITVTNPARFLSPTLRAS,0.014347826
R4,MQTRRVVLKSAAAAGTLLGGLAGCASVAGSIGTGDRINTVRGPITISEAGFTLTHEHICGSSAGFLRAWPEFFGSRKALAEKAVRGLRRARAAGVRTIVDVSTFDLGRDVSLLAEVSRAADVHIVAATGLWLDPPLSMRLRSVEELTQFFLREIQYGIEDTGIRAGIIKVATTGKVTPFQELVLRAAARASLATGVPVTTHTAASQRGGEQQAAIFESEGLSPSRVCIGHSDETDDLSYLTALAARGYLIGLDRIPHSAIGLEDNASASALLGSRSWQTRALLIKALIDQGYMKQILVSNDWLFGLSSYVTNIMDVMDSVNPDGMAFIPLRVIPFLREKGIPQETLAGITVTNPARFLSPTLRAS,0.45
R5a,MQTRRVVLKSAAAAGTLLGGLAGCASVAGSIGTGDRINTVRGPITISEAGFTLTHEHICGSSAGFLRAWPEFFGSRKALAEKAVRGLRRARAAGVRTIVDVSTFDLGRDVSLLAEVSRAADVHIVAATGLWLDPPLSMRLRSVEELTQFFLREIQYGIEDTGIRAGIIKVAITGKVTPFQELVLRAAARASLATGVPVTTHTAASQRGGEQQAAIFESEGLSPSRVCIGHSDETDDLSYLTALAARGYLIGLDRIPHSAIGLEDNASASALLGSRSWQTRALLIKALIDQGYMKQILVSNDWLFGLSSYVTNIMDVMDSVNPDGMAFIPLRVIPFLREKGIPQETLAGITVTNPARFLSPTLRAS,0.541666667
R5b,MQTRRVVLKSAAAAGTLLGGLAGCASVAGSIGTGDRINTVRGPITISEAGFTLTHEHICGSSAGFLRAWPEFFGSRKALAEKAVRGLRRARAAGVRTIVDVSTFDLGRDVSLLAEVSRAADVHIVAATGLWLDPPLSMRLRSVEELTQFFLREIQYGIEDTGIRAGIIKVATTGKVTPFQELVLRAAARASLATGVPVTTHTAASQRGGEQQAAIFESEGLSPSRVCIGHSDETDDLSYLTALAARGYLIGLDRIPHSAIGLEDNASATALLGSRSWQTRALLIKALIDQGYMKQILVSNDWLFGLSSYVTNIMDVMDSVNPDGMAFIPLRVIPFLREKGIPQETLAGITVTNPARFLSPTLRAS,0.490909091
R6,MQTRRVVLKSAAAAGTLLGGLAGCASVAGSIGTGDRINTVRGPITISEAGFTLTHEHICGSSAGFLRAWPEFFGSRKALAEKAVRGLRRARAAGVRTIVDVSTFDLGRDVSLLAEVSRAADVHIVAATGLWLDPPLSMRLRSVEELTQFFLREIQYGIEDTGIRAGIIKVAITGKVTPFQELVLRAAARASLATGVPVTTHTAASQRGGEQQAAIFESEGLSPSRVCIGHSDETDDLSYLTALAARGYLIGLDRIPHSAIGLEDNASATALLGSRSWQTRALLIKALIDQGYMKQILVSNDWLFGLSSYVTNIMDVMDSVNPDGMAFIPLRVIPFLREKGIPQETLAGITVTNPARFLSPTLRAS,0.684210526
R7a,MQTRRVVLKSAAAAGTLLGGLAGCASVAGSIGTGDRINTVRGPITISEAGFTLTHEHICGSSAGFLRAWPEFFGSRKALAEKAVRGLRRARAAGVRTIVDVSTFDLGRDVSLLAEVSRAADVHIVAATGLWLDPPLSIRLRSVEELTQFFLREIQYGIEDTGIRAGIIKVAITGKVTPFQELVLRAAARASLATGVPVTTHTAGSQRGGEQQAAIFESEGLSPSRVCIGHSDETDDLSYLTALAARGYLIGLDRIPHSAIGLEDNASATALLGSRSWQTRALLIKALIDQGYMKQILVSNDWLFGLSSYVTNIMDVMDSVNPDGMAFIPLRVIPFLREKGIPQETLAGITVTNPARFLSPTLRAS,0.6875
R7b,MQTRRVVLKSAAAAGTLLGGLAGCASVAGSIGTGDRINTVRGPITISEAGFTLTHEHICGSSAGFLRAWPEFFGSRKALAEKAVRGLRRARAAGVRTIVDVSTFDLGRDVSLLAEVSRAADVHIVAATGLWLDPPLSMRLRSVEELTQFFLREIQYGIEDTGIRAGIIKVAITGKVTPFQELVLRAAARASLATGVPVTTHTAASQRGGEQQAAIFESEGLSPSRVCIGHSDETDDLSYLTALAARGYLIGLDRIPHSAIGLEDNASATALLGSRSWQTRALLIKALIDQGYMKQILVSNDWLFGISSYVTNIMDVMDSVNPDGMAFIPLRVIPFLREKGIPQETLAGITVTNPARFLSPTLRAS,0.569230769
R7c,MQTRRVVLKSAAAAGTLLGGLAGCASVAGSIGTGDRINTVRGPITISEAGFTLTHEHICGSSAGFLRAWPEFFGSRKALAEKAVRGLRRARAAGVRTIVDVSTFDLGRDVSLLAEVSRAVDVHIVAATGLWLDPPLSMRLRSVEELTQFFLREIQYGIEDTGIRAGIIKVAITGKVTPFQELVLRAAARASLATGVPVITHTAASQRGGEQQAAIFESEGLSPSRVCIGHSDETDDLSYLTALAARGYLIGLDRIPHSAIGLEDNASATALLGSRSWQTRALLIKALIDQGYMKQILVSNDWLFGLSSYVTNIMDVMDSVNPDGMAFIPLRVIPFLREKGIPQETLAGITVTNPARFLSPTLRAS,0.25
R8,MQTRRVVLKSAAAAGTLLGGLAGCASVAGSIGTGDRINTVRGPITISEAGFTLTHEHICGSSAGFLRAWPEFFGSRKALAEKAVRGLRRARAAGVRTIVDVSTFDLGRDVSLLAEVSRAADVHIVAATGLWLDPPLSIRLRSVEELTQFFLREIQYGIEDTGIRAGIIKVAITGKVTPFQELVLRAAARASLATGVPVITHTAASQRGGEQQAAIFESEGLSPSRVCIGHSDETDDLSYLTALAARGYLIGLDRIPHSAIGLEDNASATALLGSRSWQTRALLIKALIDQGYMKQILVSNDWLFGISSYVTNIMDVMDSVNPDGMAFIPLRVIPFLREKGIPQETLAGITVTNPARFLSPTLRAS,0.521428571
R9,MQTRRVVLKSAAAAGTLLGGLAGCASVAGSIGTGDRINTVRGPITISEAGFTLTHEHICGSSAGFLRAWPEFFGSRKALAEKAVRGLRRARAAGVRTIVDVSTFDLGRDVSLLAEVSRAADVHIVAATGLWLDPPLSIRLRSVEELTQFFLREIQYGIEDTGIRAGIIKVAITGKVTPFQELVLRAAARASLATGVPVITHTAASQRGGEQQAAIFESEGLSPSRVCIGHSDETDDLSYLTALAARGYLIGLDRIPHSAIGLEDNASATALMGSRSWQTRALLIKALIDQGYMKQILVSNDWLFGISSYVTNIMDVMDSVNPDGMAFIPLRVIPFLREKGIPQETLAGITVTNPARFLSPTLRAS,3.181818182
R10,MQTRRVVLKSAAAAGTLLGGLAGCASVAGSIGTGDRINTVRGPITISEAGFTLTHEHICGSSAGFLRAWPEFFGSRKALVEKAVRGLRRARAAGVRTIVDVSTFDLGRDVSLLAEVSRAADVHIVAATGLWLDPPLSIRLRSVEELTQFFLREIQYGIEDTGIRAGIIKVAITGKVTPFQELVLRAAARASLATGVPVITHTAASQRGGEQQAAIFESEGLSPSRVCIGHSDETDDLSYLTALAARGYLIGLDRIPHSAIGLEDNASATALMGSRSWQTRALLIKALIDQGYMKQILVSNDWLFGISSYVTNIMDVMDSVNPDGMAFIPLRVIPFLREKGIPQETLAGITVTNPARFLSPTLRAS,3.421052632
R11a,MQTRRVVLKSAAAAGTLLGGLAGCASVAGSIGTGDRINTVRGPITISEAGFTLTHEHICGSSAGFLRAWPEFFGSRKALVEKAVRGLRRARAAGVRTIVDVSTFDLGRDVRLLAEVSRAADVHIVAATGLWLDPPLSIRLRSVEELTQFFLREIQYGIEDTGIRAGIIKVAITGKVTPFQELVLRAAARASLATGVPVITHTAASQRGGEQQAAIFESEGLSPSRVCIGHSDETDDLSYLTALAARGYLIGLDRIPHSAIGLEDNASATALMGSRSWQTRALLIKALIDQGYMKQILVSNDWLFGISSYVTNIMDVMDSVNPDGMAFIPLRVIPFLREKGIPQETLAGITVTNPARFLSPTLRAS,2.125
R11b,MQTRRVVLKSAAAAGTLLGGLAGCASVAGSIGTGDRINTVRGPITISEAGFTLTHEHICGSSAGFLRAWPEFFGSRKALVEKAVRGLRRARAAGVRTIVDVSTFDLGRDVSLLAEVSRAADVHIVAATGLWLDPPLSIRLRSVEELTQFFLREIQYGIEDTGIRAGIIKVAITGKVTPFQELVLRAAARASLATGVPVITHTAGSQRGGEQQAAIFESEGLSPSRVCIGHSDETDDLSYLTALAARGYLIGLDRIPHSAIGLEDNASATALMGSRSWQTRALLIKALIDQGYMKQILVSNDWLFGISSYVTNIMDVMDSVNPDGMAFIPLRVIPFLREKGIPQETLAGITVTNPARFLSPTLRAS,2.272727273
R12,MQTRRVVLKSAAAAGTLLGGLAGCASVAGSIGTGDRINTVRGPITISEAGFTLTHEHICGSSAGFLRAWPEFFGSRKALVEKAVRGLRRARAAGVRTIVDVSTFDLGRDVRLLAEVSRAADVHIVAATGLWLDPPLSIRLRSVEELTQFFLREIQYGIEDTGIRAGIIKVAITGKVTPFQELVLRAAARASLATGVPVITHTAGSQRGGEQQAAIFESEGLSPSRVCIGHSDETDDLSYLTALAARGYLIGLDRIPHSAIGLEDNASATALMGSRSWQTRALLIKALIDQGYMKQILVSNDWLFGISSYVTNIMDVMDSVNPDGMAFIPLRVIPFLREKGIPQETLAGITVTNPARFLSPTLRAS,2.857142857
R13a,MQTRRVVLKSAAAAGTLLGGLAGCASVAGSIGTGDRINTVRGPITISEAGFTLTHEHICGSSAGFLRAWPEFFGSRKALVEKAVRGLRRARAAGVRTIVDVSTFDLGRDVRLLAEVSRAADVHIVAATGLWLDPPLSIRLRSVEELTQFFLREIQYGIEDTGIRAGIIKVAITGKVTPFQELVLRAAARASLATGVPVITHTAGSQRGGEQQAAIFESEGLSPSRVCIGHSDETDDLSYLTALAARGYLIGLDRIPHSAIGLEDNASATAFMGSRSWQTRALLIKALIDQGYMKQILVSNDWLFGISSYVTNIMDVMDSVNPDGMAFIPLRVIPFLREKGIPQETLAGITVTNPARFLSPTLRAS,3.5
R13b,MQTRRVVLKSAAAAGTLLGGLAGCASVAGSIGTGDRINTVRGPITISEAGFTLTHEHICGSSAGFLRAWPEFFGSRKALVEKAVRGLRRARAAGVRTIVDVSTFDLGRDVRLLAEVSRAADVHIVAATGVWLDPPLSIRLRSVEELTQFFLREIQYGIEDTGIRAGIIKVAITGKVTPFQELVLRAAARASLATGVPVITHTAGSQRGGEQQAAIFESEGLSPSRVCIGHSDETDDLSYLTALAARGYLIGLDRIPHSAIGLEDNASATALMGSRSWQTRALLIKALIDQGYMKQILVSNDWLFGISSYVTNIMDVMDSVNPDGMAFIPLRVIPFLREKGIPQETLAGITVTNPARFLSPTLRAS,4.7
R14,MQTRRVVLKSAAAAGTLLGGLAGCASVAGSIGTGDRINTVRGPITISEAGFTLTHEHICGSSAGFLRAWPEFFGSRKALVEKAVRGLRRARAAGVRTIVDVSTFDLGRDVRLLAEVSRAADVHIVAATGVWLDPPLSIRLRSVEELTQFFLREIQYGIEDTGIRAGIIKVAITGKVTPFQELVLRAAARASLATGVPVITHTAGSQRGGEQQAAIFESEGLSPSRVCIGHSDETDDLSYLTALAARGYLIGLDRIPHSAIGLEDNASATAFMGSRSWQTRALLIKALIDQGYMKQILVSNDWLFGISSYVTNIMDVMDSVNPDGMAFIPLRVIPFLREKGIPQETLAGITVTNPARFLSPTLRAS,5.568181818
R18,MQTRRVVLKSAAAAGTLLGGLAGCASVAGSIGTGDRINTVRGPITISEVGFTLTHEHICGSSAGFLRAWPEFFGSREALVEKAVRGLRRARAAGVRTIVDVSTFDLGRDVRLLAEVSRAADVHIVAATGVWLDPPLSIRMRSVEELTQFFLREIQYGIEDTGIRAGIIKVAITGKVTPFQELVLRAAARASLATGVPVITHTAGSQRGGEQQAAIFESEGLSPSRVCIGHSDETDDLSYLTALAARGYLIGLDRIPHSAIGLEDNASATAFMGSRSWQTRALLIKALIDQGYMKQILVSNDWLFGISSYVTNFMDVMDSVNPDGMAFIPLRVIPFLREKGIPQETLAGITVTNPARFLSPTLRAS,13.96825397
R18-R254H,MQTRRVVLKSAAAAGTLLGGLAGCASVAGSIGTGDRINTVRGPITISEVGFTLTHEHICGSSAGFLRAWPEFFGSREALVEKAVRGLRRARAAGVRTIVDVSTFDLGRDVRLLAEVSRAADVHIVAATGVWLDPPLSIRMRSVEELTQFFLREIQYGIEDTGIRAGIIKVAITGKVTPFQELVLRAAARASLATGVPVITHTAGSQRGGEQQAAIFESEGLSPSRVCIGHSDETDDLSYLTALAARGYLIGLDHIPHSAIGLEDNASATAFMGSRSWQTRALLIKALIDQGYMKQILVSNDWLFGISSYVTNFMDVMDSVNPDGMAFIPLRVIPFLREKGIPQETLAGITVTNPARFLSPTLRAS,0.000982143
R18-E233D,MQTRRVVLKSAAAAGTLLGGLAGCASVAGSIGTGDRINTVRGPITISEVGFTLTHEHICGSSAGFLRAWPEFFGSREALVEKAVRGLRRARAAGVRTIVDVSTFDLGRDVRLLAEVSRAADVHIVAATGVWLDPPLSIRMRSVEELTQFFLREIQYGIEDTGIRAGIIKVAITGKVTPFQELVLRAAARASLATGVPVITHTAGSQRGGEQQAAIFESEGLSPSRVCIGHSDDTDDLSYLTALAARGYLIGLDRIPHSAIGLEDNASATAFMGSRSWQTRALLIKALIDQGYMKQILVSNDWLFGISSYVTNFMDVMDSVNPDGMAFIPLRVIPFLREKGIPQETLAGITVTNPARFLSPTLRAS,2.756410256
R18-254S,MQTRRVVLKSAAAAGTLLGGLAGCASVAGSIGTGDRINTVRGPITISEVGFTLTHEHICGSSAGFLRAWPEFFGSREALVEKAVRGLRRARAAGVRTIVDVSTFDLGRDVRLLAEVSRAADVHIVAATGVWLDPPLSIRMRSVEELTQFFLREIQYGIEDTGIRAGIIKVAITGKVTPFQELVLRAAARASLATGVPVITHTAGSQRGGEQQAAIFESEGLSPSRVCIGHSDETDDLSYLTALAARGYLIGLDSIPHSAIGLEDNASATAFMGSRSWQTRALLIKALIDQGYMKQILVSNDWLFGISSYVTNFMDVMDSVNPDGMAFIPLRVIPFLREKGIPQETLAGITVTNPARFLSPTLRAS,0.015504587
R19,MQTRRVVLKSAAAAGTLLGGLAGCASVAGSIGTGDRINTVRGPITISEVGFTLTHEHICGSSAGFLRAWPEFFGSRETLVEKAVRGLRRARAAGVRTIVDVSTFDLGRDVRLLAEVSRAADVHIVAATGVWLDPPLTIRMRSAEELTQFFLREIQYGIEDTGIRAGIIKVAITGKVTPFHELVLRAAARASLATGVPVITHTAGSQRGGEQQAAIFESEGLSPSRVCIGHSDETDDLSYLTALAARGYLIGLDRIPHSAIGLEDNASATAFMGSRSWQTRALLIKALIDQGYMKQILVSNDWLFGISSYVANFMDVMDSVNPDGMAFIPLRVIPFLREKGIPQETLAGITVTNPARFLSPTLRAS,1.95
19_3,MQTRRVVLKSAAAAGTLLGGLAGCASVAGSIGTGDRINTVRGPITISEVGFTLTHEHICGSSAGFLRAWPEFFGSREALVEKAVRGLRRARAAGVRTIVDVSTFDLGRDVRLLAEVSRAADVHIVAATGVWLDPPLSIRMRSVEELTQFFLREIQYGIEDTGIRAGIIKVAITGKVTPFQELALRAAARASLATGVPVITHTAGSQRGGEQQAAIFESEGLSPSRVCIGHSDETDDLSYLTALAARGYLIGLDRIPHSAIGLEDNASATAFMGSRSWQTRALLIKALVDQGYMKQILVSNDWLFGISSYVTNFMDVMDSVNPDGMAFIPLRVIPFLREKGTPQETLAGITVTNPARFLSPTLRAS,3.342857143
19_5,MQTRRVVLKSAAAAGTLLGGLAGCASVAGSIGTGDRINTVRGPITISEVGFTLTHEHICGSSAGFLRAWPEFFGSREALVEKAVRGLRRARAAGVRTIVDVSTFDLGRDVRLLAEVSRAADVHIVAATGVWFDPPLSIRMRSVEELTQFFLREIQYGIEDTGIRAGIIKVAITGKVIPFQELVLRAAARASLATGVPVITHTAGSQRGGEQQAAIFESEGLSPSRVCIGHSDETDDLSYLTALAARGYLIGLDRIPHSAIGLEDNASATAFMGSRSWQTRALLIKALIDQGYMKQILVSNDWLFGISSYVTNFMDVMDSVNPDGMAFIPLRVIPFLREKGISQETLAGITVTNPARFLSPTLRAS,2.387755102
19_6,MQTRRVVLKSAAAAGTLLGGLAGCASVAGSIGTGDRINTVRGPITISEVGFTLTHEHICGSSAGFLRAWPEFFGSREALVEKAVRGLRRARAAGVRTIVDMSTFDLGRDVRLLAEVSRAADVHIVAATGVWLDPPLSIRMRSVEELTQFFLREIQYGIEDTGIRAGIIKVAITGKVTPFQELVLRAAARASLATGVPVITHTAGSQRGGEQQAAIFESEGLSPSRVCIGHSDETDDLSYLTALAARGYLIGLDRIPHSAIGLEDNASATAFMGSRSWQTRALLIKALIDQGYMKQILVSNDWLFGISSYVTNFMDVMDSVNPDGMAFIPLRVIPFLREKGIPQETLAGITVTNPARFLSPTLRAS,1.023323615
19_7,MQTRRVVLKSAAAAGTLLGGLAGCASVAGSIGTGDRINTVRGPITISEVGFTLTHEHICGSSAGFLRAWPEFFGSREALVEKAVRGLRRARAAGVRTIVDVSTFDLGRDVRLLAEVSRAADVHIVAATGVWLDPPLSIRMRSVEELTQFFLREIQYGIEDTGIRAGIIKVAITGKVTPFQELELRAAARASLATGVPVITHTAGSQRGGEQQAAIFESEGLSPSRVCIGHSDETDDLSYLTALAARGYLIGLDRIPHSAIGLEDNASATAFMGSRSWQTRALLIKALIDQGYMKQILVSNDWLFGISSYVTNFMDVMDSVNPDGMAFIPLRVIPFLREKGIPQETLAGITVTNPARFLSPTLRAS,0.877134527
19_8,MQTRRVVLKSAAAAGTLLGGLAGCASVAGSIGTGDRINTVRGPITISEVGFTLTHEHICGSSAGFLRAWPEFFGSREALVEKAVRGLRRARAAGVRTIVDVSTFDLGRDVRLLAEVSRAADVHIVAATGVWLDPPLSIRMRSVEELTQFFLREIQYGIEDTGIRAGIIKVAITGKVTPFQELVLRAAARASLATGVPVITHTAGSQRGGEQQAAIFESEGLSPSRVCIGHSDETDDLSYLTALAARGYLIGLDRIPHSAIGLEDNASATAFMGSRSWQTRALLIKALIDQGYMKQILVSNDWLFGISSYVTNFMDVLDSVNPDGMAFIPLRVIPFLREKGIPQETLAGITVTNPARFLSPTLRAS,1.378354257
19_9,MQTRRVVLKSAAAAGTLLGGLAGCASVAGSIGTGDRINTVRGPIAISEVGFTLTHEHICGSSAGFLRAWPEFFGSREALVEKAVRGLRRARAAGVRTIVDVSTFDLGRDVRLLAEVSRAADVHIVAATGVWLDPPLSIRMRSVEELTQFFLREIQYGIEDTGIRAGIIKVAITGKVTPFQELLLRAAARASLATGVPVITHTAGSQRGGEQQAAIFESEGLSPSRVCIGHSDETDDLSYLTALAARGYLIGLDRIPHSAIGLEDNASATAFMGSRSWQTRALLIKALIDQGYMKQILVSNDWLFGISSYVTNFMDVMDSVNPDGMAFIPLRVIPFLREKGIPQETLAGITVTNPARFLSPTLRAS,1.772169759
19_10,MQTRRVVLKSAAAAGTLLGGLAGCASVAGSIGTGDRINTVRGPITISEVGFTLTHEHICGSSAGFLRAWPEFFGSREALVEKAVRGLRRARAAGVRTIVDVSTFDLGRDVRLMAEVSRAADVHIVAATGVWLDPPLSIRMRSVVELTQFFLREIQYGIEDTGIRAGIIKVAITGKVTPFQELVLRAAARASLATGVPVITHAAGSQRGGEQQAAIFESEGLSPSRVCIGHSDETDDLSYLTALAARGYLIGLDRIPHSAIGLEDNASATAFMGSRSWQTRALLIKALIDQGYMKQILVSNDWLFGISSYVTNFMDVMDSVNPDGMAFIPLRVIPFLREKGIPQETLAGITVTNPARFLSPTLRAS,1.265835542
R20,MQTRRVVLKSAAAAGTLLGGLAGCASVAGSIGTGDRINTVRGPIAISEVGFTLTHEHICGSSAGFLRAWPEFFGSREALVEKAVRGLRRARAAGVRTIVDVSTFDLGRDVRLLAEVSRAADVHIVAATGVWLDPPLTIRMRSVVELTQFFLREIQYGIEDTGIRAGIIKVAITGKVTPFHELVLRAAARASLATGVPVITHTAGSQRGGEQQAAIFESEGLSPSRVCIGHSDETDDLSYLTALAARGYLIGLDRIPHSAIGLEDNASATAFMGSRSWQTRALLIKALIDQGYMKQILVSNDWLFGISSYVTNFTDVMDSVNPDGMAFIPLRVIPFLREKGTPQETLAGITVTNPARFLSPTLRAS,5.090909091
20_1,MQTRRVVLKSAAAAGTLLGGLAGCASVAGSIGTGDRINTVRGPITISEVGFTLTHEHICGSSAGFLRAWPEFFGSREALVEKAVRGLRRARAAGVRTIVDVSTFDLGRDVRLLAEVSRAADVHIVAATGVWLDPPLSIRMRSVEELTQFFLREIQYGIEDTGIRAGIIKVAITGKVTPFQELELRAAARASLATGVPVITHTAGSQRGGEQQAAIFESEGLSPSRVCIGHSDETDDLSYLTALAARGYLIGLDRIPHSAIGLEDNASATAFMGSRSWQTRALLIKALIDQGHMKQILVSNDWLFGISSYVTNFMDVLDSVNPDGMAFIPLRVIPFLREKGISQETLAGITVTNPARFLSPTLRAS,4.363636364
20_2,MQTRRVVLKSAAAAGTLLGGLAGCASVAGSIGTGDRINTVRGPITISEVGFTLTHEHICGSSAGFLRAWPEFFGSREALVEKAVRGLRRARAAGVRTIVDVSTFDLGRDVRLLAEVSRAADVHIVAATGVWLDPPLSIRMRSVEELTQFFLREIQYGIEDTGIRAGIIKVAITGKVTPFHELVLRAAARASLATGVPVITHTAGSQRGGEQQAAIFESEGLSPSRVCIGHSDETDDLCYLTALAARGYLIGLDRIPHSAIGLEDNASATAFMGSRSWQTRALLIKALIDQGYMKQILVSNDWLFGISSYVTNFMDVMDSVNPDGMAFIPLRVIPFLREKGIPQETLAGITVTNPARFLSPTLRAS,4.363636364
20_4,MQTRRVVLKSAAAAGTLLGGLAGCASVAGSIGTGDRINTVRGPIAISEVGFTLTHEHICGSSAGFLRAWPEFFGSREALVEKAVRGLRRARAAGVRTIVDVSTFDLGRDVRLLAEVSRAADVHIVAATGVWLDPPLSIRMRSVEELTQFFLREIQYGIEDTGIRAGIIKVAITGKVTPFHELVLRAAARASLATGVPVITHTAGSQRGGEQQAAIFESEGLSPSRVCIGHSDETDDLSYLTALAARGYLIGLDRIPHSAIGLEDNASATAFMGSRSWQTRALLIKALIDQGYMKQILVSNDWLFGISSYVTNFMDVMDSVNPDGMAFIPLRVIPFLREKGIPQETLAGITVTNPARFLSPTLRAS,4.363636364
20_5,MQTRRVVLKSAAAAGTLLGGLAGCASVAGSIGTGDRINTVRGPITISEVGFTLTHEHICGSSAGFLRAWPEFFGSREALVEKAVRGLRRARAAGVRTIVDVSTFDLGRDVRLLAEVSRAADVHIVAATGVWLDPPLSIRMRSVEELTQFFLREIQYGIEDTGIRAGIIKVAITGKVTPFQELELRAAARASLATGVPVITHTAGSQRGGEQQAAIFESEGLSPSRVCIGHSDETDDLSYLTALAARGYLIGLDRIPHSAIGLEDNASATAFMGSRSWQTRALLIKALIDQGYMKQILVSNDWLFGISSYVTNFMDVLDSVNPDGMAFIPLRVIPFLREKGIPQETLAGITVTNPARFLSPTLRAS,4.363636364
20_6,MQTRRVVLKSAAAAGTLLGGLAGCASVAGSIGTGDRINTVRGPITISEVGFTLTHEHICGSSAGFLRAWPEFFGSREALVEKAVRGLRRARAAGVRTIVDVSTFDLGRDVRLLAEVSRAADVHIVAATGVWLDPPLSIRMRSVVELTQFFLREIQYGIEDTGIRAGIIKVAITGKVTPFQELALRAAARASLATGVPVITHTAGSQRGGEQQAAIFESEGLSPSRVCIGHSDETDDLSYLTALAARGYLIGLDRIPHSAIGLEDNASATAFMGSRSWQTRALLIKALIDQGYMKQILVSNDWLFGISSYVTNFMDVLDSVNPDGMAFIPLRVIPFLREKGIPQETLAGITVTNPARFLSPTLRAS,5.090909091
20_7,MQTRRVVLKSAAAAGTLLGGLAGCASVAGSIGTGDQINTVRGPITISEVGFTLTHEHICGSSAGFLRAWPEFFGSREALVEKAVRGLRRARAAGVRTIVDVSTFDLGRDVRLLAEVSRAADVHIVAATGVWLDPPLSIRMRSVEELTQFFLREIQYGIEDTGIRAGIIKVAITGKVTPFQELELRAAARASLATGVPVITHTAGSQRGGEQQAAIFESEGLSPSRVCIGHSDETDDLSYLTALAARGYLIGLDRIPHSAIGLEDNASATAFMGSRSWQTRALLIKALIDQGYMKQILVSNDWLFGISSYVTNFMDVMDSVNPDGMAFIPLRVIPFLREKGIPQETLAGITVTNPARFLSPTLRAS,6.545454545
20_8,MQTRRVVLKSAAAAGTLLGGLAGCASVAGSIGTGDRINTVRGPIAISEVGFTLTHEHICGSSAGFLRAWPEFFGSREALVEKAVRGLRRARAAGVRTIVDVSTFDLGRDVRLLAEVSRAADVHIVAATGVWLDPPLSIRMRSVEELTQFFLREIQYGIEDTGIRAGIIKVAITGKVTPFHELVLRAAARASLATGVPVITHTAGSQRGGEQQAAIFESEGLSPSRVCIGHSDETDDLSYLTALAARGYLIGLDRIPHSAIGLEDNASATAFMGSRSWQTRALLIKALIDQGYMKQILVSNDWLFGISSYVTNFMDVLDSVNPDGMAFIPLRVIPFLREKGIPQETLAGITVTNPARFLSPTLRAS,5.090909091
20_9,MQTRRVVLKSAAAAGTLLGGLAGCASVAGSIGTGDRINTVRGPIAISEVGFTLTHEHICGSSAGFLRAWPEFFGSREALVEKAVRGLRRARAAGVRTIVDVSTFDLGRDVRLLAEVSRAADVHIVAATGVWLDPPLSIRMRSVEELTQFFLREIQYGIEDTGIRAGIIKVAITGKVTPFQELELRAAARASLATGVPVITHTAGSQRGGEQQAAIFESEGLSPSRVCIGHSDETDDLSYLTALAARGYLIGLDRIPHSAIGLEDNASATAFMGSRSWQTRALLIKALIDQGYMKQILVSNDWLFGISSYVTNFMDVMDSVNPDGMAFIPLRVIPFLREKGIPQETLAGITVTNPARFLSPTLRAS,6.545454545
20_10,MQTRRVVLKSAAAAGTLLGGLAGCASVAGSIGTGDRINTVRGPITISEVGFTLTHEHICGSSAGFLRAWPEFFGSREALVEKAVRGLRRARAAGVRTIVDVSTFDLGRDVRLLAEVSRAADVHIVAATGVWLDPPLSIRMRSVEELTQFFLREIQYGIEDTGIRAGIIKVAITGKVTPFQELLLRAAARASLATGVPVITHTAGSQRGGEQQAAIFESEGLSPSRVCIGHSDETDDLSYLTALAARGYLIGLDRIPHSAIGLEDNASATAFMGSRSWQTRALLIKALIDQGYMKQILVSNDWLFGISSYVTNFMDVLDSVNPDGMAFIPLRVIPFLREKGIPQETLAGITVTNPARFLSPTLRAS,7.272727273
20_11,MQTRRVVLKSAAAAGTLLGGLAGCASVAGSIGTGDRINTVRGPITISEVGFTLTHEHICGSSAGFLRAWPEFFGSREALVEKAVRGLRRARAAGVRTIVDVSTFDLGRDVRLLAEVSRAADVHIVAATGVWLDPPLSIRMRSVEELTQFFLREIQYGIEDTGIRAGIIKVAITGKVTPFQELVLRAAARASLATGVPVITHTAGSQRGGEQQAAIFESEGLSPSRVCIGHSDETDDLSYLTALAARGYLIGLDRIPHSAIGLEDNASATAFMGSRSWQTRALLIKALIDQGYMKQILVSNDWLFGISSYVTNFTDVMDSVNPDGMAFIPLRVIPFLREKGIPQETLAGITVTNPARFLSPTLRAS,7.272727273
R21,MQTRRVVLKSAAAAGTLLGGLAGCASVAGSIGTGDRINTVRGPIAISEVGFTLTHEHICGSSAGFLRAWPEFFGSREALVEKAVRGLRRARAAGVRTIVDVTTFDLGRDVRLLAEVSRAADVHIVAATGVWLDPPLTIRMRSVVELTQFFLREIQYGIEDTGIRAGIIKVAITGKVTPFHELVLRAAARASLATGVPVITHTAGSQRGGEQQAAIFESEGLSPSRVCIGHSDETDDLSYLTALAARGYLIGLDRIPHSAIGLEDNASATAFMGSRSWQTRALLIKALIDQGYMKQILVSNDWLFGISSYVTNFTDVMDSVNPDGMAFIPLRVIPFLREKGTPQETLAGITVTNPARFLSPTLRAS,1.153846154
21_2,MQTRRVVLKSAAAAGTLLGGLAGCASVAGSIGTGDRINTVRGPIAISEVGFTLTHEHICGSSAGFLRAWPEFFGSREALVEKAVRGLRRARAAGVRTIVDVSTFDLGRDVRLLAEVSRAADVHIVAATGVWLDPPLTIRMRSVVELTQFFLREIQYGIEDTGIRAGIIKVAITGKVTPFHELVLRAAARASLATGVPVITHTAGSQRGGEQQAAIFESEGLSPSRVCIGHSDETDDLSYLTALAARGYLIGLDRIPHSAIGLEDNASATAFMGSRSWQTRALLIKALIDQGYMKQILVSNDWLFGISSYVTNFTDVMDSVNPDGMAFIPLRVIPFLREKGTPQETLAGITVTNPARFLSPALRAS,1.153846154
21_4,MQTRRVVLKSAAAAGTLLGGLAGCASVAGSIGTGDRINTVRGPIAISEVGFTLTHEHICGSSAGFLRAWPEFFGSREALVEKAVRGLRRARAAGVRTIVDVSTFDLGRDVRLLAEVSRAADVHIVAATGVWLDPPLTIRMRSVVELTQFFLREIQNGIEDTGIRAGIIKVAITGKVTPFHELVLRAAARASLTTGVPVITHTAGSQRGGEQQAAIFESEGLSPSRVCIGHSDETDDLNYLTALAARGYLIGLDRIPHSAIGLEDNASATAFMGSRSWQTRALLIKALIDQGHMKQILVSNDWLFGISSYVTNFTDVMDSVNPDGMAFIPLRVIPFLREKGTPQETLAGITVTNPARFLSPTMRAS,0.692307692
21_5,MQTRRVVLKSAAAAGTLLGGLAGCASVAGSIGTGDRINTVRGPIAISEVGFTLTHEHICGSSAGFLRAWPEFFGSREALVEKAVRGLRRARAAGVRTIVDVSTFDLGRDVRLLAEVSRAADVHIVPATGVWLDPPLTIRMRSVVELTQFFLREIQYGIEDTGIRAGIIKVAITGKVTPFHELVLRAAARASLATGVPVITHTAGSQRGGEQQAAIFESEGLSPSRVCIGHSDETDDLSYLTALAARGYLIGLDRIPHSAIDLEDNASATAFMGSRSWQTRALLIKALIDQGYMKQILVSNDWLFGISSYVTNFTDVMDSVNPDGMAFIPLRVIPFLREKGTPQETLAGITVTNPARFLSPTLRAS,0.807692308
AE,MQTRRVVLKSAAAAGTLLGGLAGCASVAGSIGTGDRINTVRGPIAISEVGFTLTHEHICGSSAGFLRAWPEFFGSREALVEKAVRGLRRARAAGVRTIVDVTTFDLGRDVRLLAEVSRAADVHIVAATGVWLDPPLTIRMRSVVELTQFFLREIQYGIEDTGIRAGIIKVAITGKMTPFHELVLRAAARASLATGVPVITHTAGSQRGGEQQAAIFESEGLSPSRVCIGHSDETDDLSYLTALAARGYLIGLDRIPHSAIGLEDNASATAFMGSRSWQTRALLIKALIDQGYMKQILVSNDWLFGISSYVTNFTDVMDSVNPDGMAFIPLRVIPFLREKGTPQETLAGITVTNPARFLSPTLRAS,6.692307692
22_3,MQTRRVVLKSAAAAGTLLGGLAGCASVAGSIGTGDRINTVRGPIAISEVGFTLTHEHICGSSAGFLRAWPEFFGSREALVEKAVRGLRRARAAGVRTIVDVTTFDLGRDVRLLAEVSRAADVHIVAATGVWLDPPLTIRMRSVVELTQFFLREIQYGIEDTGIRAGIIKVAITGKVTPFHELVLRAAARASLATGVPVITHTAGSQRGGEQQAAIFESEGLSPSRVCIGHSDETDDLSYLTALAARGYLIGLDRIPHSAIGLQDNASATAFMGSRSWQTRALLIKALIDQGYMKQILVSNDWLFGISSYVTNFTDVMDSVNPDGMAFIPLRVIPFLREKGTPQETLAGITVTNPARFLSPTLRAS,8.179487179
22_4+ 22_7 avg,MQTRRVVLKSAAAAGTLLGGLAGCASVAGSIGTGDRINTVRGPIAISEVGFTLTHEHICGSSAGFLRAWPEFFGSREALVEKAVRGLRRARAAGVRTIVDVTTFDLGRDVRLLAEVSRAADVHIVAATGVWLDPPLTIRMRSVVELTQFFLREIQYGIEDTGIRAGIIKVAITGKVTPFHELVLRAAARASLATGVPVITHTAGSQRGGEQQAAIFESEGLSPSRVCIGHSDETDDLSYLTALAARGYLIGLDRIPHSAIGLEDNASATAFMGSRSWQTRALLIKALIDQGYMKQILVSNDWLFGISSYVTNFTDVMDSVNPDGMAFIPLRVIPFLREKGTPQETLAGITVTNPARFLSPTLQAS,7.435897436
revR1,MQTRRVVLKSAAAAGTLLGGLAGCASVAGSIGTGDRINTVRGPIAISEVGFTLTHEHIYGSSAGFLRAWPEFFGSREALVEKAVRGLRRARAAGVRTIVDVTTFDLGRDVRLLAEVSRAADVHIVAATGVWLDPPLTIRMRSVVELTQFFLREIQYGIEDTGIRAGIIKVAITGKMTPFHELVLRAAARASLATGVPVITHTAGSQRGGEQQAAIFESEGLSPSRVCIGHSDETDDLRYLTALAARGYLIGLDRIPHSAIGLEDNASATAFMGSRSWQTRALLIKALIDQGYMKQILVSNDWLFGISCYVTNFTDVMDSVNPDGMAFIPLRVIPFLREKGTPQETLAGITVTNPARFLSPTLRAS,4.785714286
revR2,MQTRRVVLKSAAAAGTLLGGLAGCASVAGSIGTGDRINTVRGPIAISEVGFTLTHEHICGSSAGFLRAWPEFFGSREALVEKAVRGLRRARAAGVRTIVDVTTFDLGRDVRLLAEVSRAADVHIVAATGMWLDPPLTIRMRSVVELTQFFLREIQYGIEDTGIRAGIIKVATTGKMTPFHELVLRAAARASLATGVPVITHTAGSQRGGEQQAAIFESEGLSPSRVCIGHSDETDDLSYLTALAARGYLIGLDRIPHSAIGLEDNASATAFMGSRSWQTRALLIKALIDQGYMKQILVSNDWLFGISCYVTNFTDVMDSVNPDGMAFIPLRVIPFLREKGTPQETLAGITVTNPARFLSPTLRAS,13.15789474
revR3,MQTRRVVLKSAAAAGTLLGGLAGCASVAGSIGTGDRINTVRGPIAISEVGFTLTHEHICGSSAGFLRAWPEFFGSREALVEKAVRGLRRARAAGVRTIVDVTTFDLGRDVRLLAEVSRAADVHIVAATGMWLDPPLTIRMRSVVELTQFFLREIQYGIEDTGIRAGIIKVATTGKMTPFHELVLRAAARASLATGVPVITHTAGSQRGGEQQAAIFESEGLSPSRVCIGHSDETDDLSYLTALAARGYLIGLDRIPHSAIGLEDNASATALMGSRSWQTRALLIKALIDQGYMKQILVSNDWLFGISCYVTNFTDVMDSVNPDGMAFIPLRVIPFLREKGTPQETLAGITVTNPARFLSPTLRAS,0.66
revR4,MQTRRVVLKSAAAAGTLLGGLAGCASVAGSIGTGDRINTVRGPIAISEVGFTLTHEHICGSSAGFLRAWPEFFGSREALVEKAVRGLRRARAAGVRTIVDVTTFDLGRDVRLLAEVSRAADVHIVAATGMWLDPSLTIRMRSVVELTQFFLREIQYGIEDTGIRAGIIKVATTGKMTPFHELVLRAAARASLATGVPVITHTAGSQRGGEQQAAIFESEGLSPSRVCIGHSDETDDLSYLTALAARGYLIGLDRIPHSAIGLEDNASATALMGSRSWQTRALLIKALIDQGYMKQILVSNDWLFGISCYVTNFMDVMDSVNPDGMAFIPLRVIPFLREKGTPQETLAGITVTNPARFLSPTLRAS,0.575
revR5,MQTRRVVLKSAAAAGTLLGGLAGCASVAGSIGTGDRINTVRGPIAISEVGFTLTHEHICGSSAGFLRAWPEFFGSREALVEKAVRGLRRARAAGVRTIVDVTTFDLGRDVRLLAEVSRAADVHIVAATGMWLDPSLTIRMRSVVELTQFFLREIQYGIEDTGIRAGIIKVATTGKMTPFHELVLRAAARASLATGVPVITHTAGSQRGGEQQAAIFESEGLSPSRVCIGHSDETDDLSYLTALAARGYLIGLDRIPHSAIGLEDNASATALMGSRSWQTRALLIKALIDQGYKKQILVSNDWLFGISCYVTNFMDVMDSVNPDGMAFIPLRVIPFLREKGTPQETLAGITVTNPARFLSPTLRAS,0.385
revR6,MQTRRVVLKSAAAAGTLLGGLAGCASVAGSIGTGDRINTVRGPIAISEVGFTLTHEHICGSSAGFLRAWPEFFGSREALVEKAVRGLRRARAAGVRTIVDVTTFDLGRDVRLLAEVSRAADVHIVAATGMWLDPSLTIRMRSVVELTQFFLREIQYGIEDTGIRAGIIKVATTGKMTPFHELVLRAAARASLATGVPVITHTEGSQRGGEQQAAIFESEGLSPSRVCIGHSDETDDLSYLTALAARGYLIGLDRIPHSAIGLEDNASATALMGSRSWQTRALLIKALIDQGYMKQILVSNDWLFGISCYVTNFMDVMDSVNPDGMAFIPLRVIPFLREKGTPQETLAGITVTNPARFLSPTLRAS,2.153846154
revR7a,MQTRRVVLKSAAAAGTLLGGLAGCASVAGSIGTGDRINTVRGPIAISEVGFTLTHEHICGSSAGFLRAWPEFFGSREALVEKAVRGLRRARAAGVRTIVDVTTFDLGRDVRLLAEVSRAADVHIVAATGMWLDPSLTIRMRSVVELTQFFLREIQYGIEDTGIRAGIIKVATTGKMTPFQELVLRAAARASLATGVPVITHTEGSQRGGEQQAAIFESEGLSPSRVCIGHSDETDDLSYLTALAARGYLIGLDRIPHNAIGLEDNASATALMGSRSWQTRALLIKALIDQGYMKQILVSNDWLFGISCYVTNFMDVMDSVNPDGMAFIPLRVIPFLREKGTPQETLAGITVTNPARFLSPTLRAS,2.142857143
revR7b,MQTRRVVLKSAAAAGTLLGGLAGCASVAGSIGTGDRINTVRGPIAISEVGFTLTHEHICGSSAGFLRAWPEFFGSREALVEKAVRGLRRARAAGVRTIVDVTTFDLGRDVRLLAEVSRAADVHIVAATGMWLDPSLTIRMRSVVELTQFFLREIQYGIEDTGIRAGIIKVATTDKMTPFHELVLRAAARASLATGVPVITHTEGSQRGGEQQAAIFESEGLSPSRVCIGHSDETDDLSYLTALAARGYLIGLDRIPHSAIGLEDNASATALMGSRSWQTRALLIKALIDQGYMKQILVSNDWLFGISCYVTNFMDVMDSVNPDGMAFIPLRVIPFLREKGTPQETLAGITVTNPARFLSPTLRAS,1.5
revR8a,MQTRRVVLKSAAAAGTLLGGLAGCASVAGSIGTGDRINTVRGPIAISEVGFTLTHEHICGSSAGFLRAWPEFFGSREALVEKAVRGLRRARAAGVRTIVDVTTFDLGRDVRLLAEVSRAADVHIVAATGMWLDPSLTIRMRSVVELTQFFLREIQYGIEDTGIRAGIIKVATTDKMTPFHELVLRAAARASLATGVPVITHTEGSQRGGEQQAAIFESEGLSPSRVCIGHSDETDDLSYLTALAARGYLIGLDRIPHNAIGLEDNASATALMGSRSWQTRALLIKALIDQGYMKQVLVSNDWLFGISCYVTNFMDVMDSVNPDGMAFIPLRVIPFLREKGTPQETLAGITVTNPARFLSPTLRAS,1.642857143
revR8b,MQTRRVVLKSAAAAGTLLGGLAGCASVAGSIGTGDRINTVRGPIAISEVGFTLTHEHICGSSAGFLRAWPEFFGSREALVEKAVRGLRRARAAGVRTIVDVTTFDLGRDVRLLAEVSRAADVHIVAATGMWLDPSLTIRMRSVVELTQFFLREIQHGIEDTGIRAGIIKVATTDKMTPFQELVLRAAARASLATGVPVITHTEGSQRGGEQQAAIFESEGLSPSRVCIGHSDETDDLSYLTALAARGYLIGLDRIPHSAIGLEENASATALMGSRSWQTRALLIKALIDQGYMKQILVSNDWLFGISCYVTNFMDVMDSVNPDGMAFIPLRVIPFLREKGTPQETLAGITVTNPARFLSPTLRAS,0.411764706
revR9,MQTRRVVLKSAAAAGTLLGGLAGCASVAGSIGTGDRINTVRGPIAISEVGFTLTHEHICGSSAGFLRAWPEFFGSREALVEKAVRGLRRARAAGVRTIVDVTTFDLGRDVRLLAEVSRAADVHIVAATGMWLDPSLTIRMRSVVELTQFFLREIQHGIEDTGIRAGIIKVATTDKMTPFQELVLRAAARASLATGVPVITHTEGSQRGGEQQAAIFESEGLSPSRVCIGHSDETDDLSYLTALAARGYLIGLDRIPHNAIGLEDNASATALMGSRSWQTRALLIKALIDQGYMKQVLVSNDWLFGISCYVTNFMDVMDSVNPDGMAFIPLRVIPFLREKGTPQETLAGITVTNPARFLSPTLRAS,1.176470588
neoPTE,MQTRRVVLKSAAAAGTLLGGLAGCASVAGSIGTGDRINTVRGPIAISEAGFTLTHEHICGSSAGFLRAWPEFFGSREALVEKAVRGLRRARAAGVRTIVDVTTFDLGRDVRLLAEVSRAADVHIVAATGMWLDPSLTIRMRSVVELTQFFLREIQHGIEDTGIRAGIIKVATTDKMTPFQELVLRAAARASLATGVPVITHTEGSQRGGEQQAAIFESEGLSPSRVCIGHSDETDDLSYLTALAARGYLIGLDRIPHNAIGLEDNASATALMGSRSWQTRALLIKALIDQGYMKQVLVSNDWLFGMSCYVTNFMDVMDSVNPDGMAFIPLRVIPFLREKGTPQETLAGITVTNPARFLSPTLRAS,0.611111111
F1,MQTRRVVLKSAAAAGTLLGGLAGCASVAGSIGTGDRINTVRGPITISEAGFTLTHEHICGSSAGFLRAWPEFFGSRKALAEKAVRGLRRARAAGVRTIVDVSTFDLGRDVSLLAEVSRAADVHIVAATGLWLDPPLSMRLRSVEELTQFFLREIQYGIEDTGIRAGIIKVATTGKVTPFQELVLRAAARASLATGVPVTTHTAASQRGGEQQAAIFESEGLSPSRVCIGHSDETDDLSYLTALAARGYLIGLDHIPHSAIGLEDNASASALLGIRSWQTRALLIKALIDQGYMKQILVSNDWLFGFSSYVTNIMDVMDSVNPDGMAFIPLRVIPFLREKGIPQETLAGITVTNPARFLSPTLRAS,0.001905659
D16,MQTRRVVLKSAAAAGTLLGGLAGCASVAGSIGTGDRINTVRGPITISEAGFTLTHEHICGSSAGFLRAWPEFFGSRKALAEKAVRGLRRARAAGVRTIVDVSTFDLGRDVSLLAEVSRAADVHIVAATGLWLDPPLSMRLRSVEELTQFFLREIQYGIEDTGIRAGIIKVATTGKVTPFQELVLRAAARASLATGVPVTTHTAASQRGGEQQAAIFESEGLSPSRVCIGHSDDTDDLSYLTALAARGYLIGLDRIPHSAIGLEDNASASALLGIRSWQTRALLIKALIDQGYMKQILVSNDWLFGFSSYVTNIMDVMDSVNPDGMAFIPLRVIPFLREKGIPQETLAGITVTNPARFLSPTLRAS,0.003070306
F2,MQTRRVVLKSAAAAGTLLGGLAGCASVAGSIGTGDRINTVRGPITISEAGFTLTHEHICGSSAGFLRAWPEFFGSRKALAEKAVRGLRRARAAGVRTIVDVSTFDLGRDVSLLAEVSRAADVHIVAATGLWLDPPLSMRLRSVEELTQFFLREIQYGIEDTGIRAGIIKVATTGKVTPFQELVLRAAARASLATGVPVTTHTAASQRGGEQQAAIFESEGLSPSRVCIGHSDDTDDLSYLTALAARGYLIGLDHIPHSAIGLEDNASASAFLGIRSWQTRALLIKALIDQGYMKQILVSNDWLFGFSSYVTNIMDVMDSVNPDGMAFIPLRVIPFLREKGIPQETLAGITVTNPARFLSPTLRAS,0.000296962
F3,MQTRRVVLKSAAAAGTLLGGLAGCASVAGSIGTGDRINTVRGPITISEAGFTLTHEHICGSSAGFLRAWPEFFGSRKALAEKAVRGLRRARAAGVRTIVDVSTFDLGRDVSLLAEVSRAADVHIVAATGLWLDPPLSMRLRSVEELTQFFLREIQYGIEDTGIRAGIIKVATTGKVTPFQELVLRAAARASLATGVPVTTHTAASQRGGEQQAAIFESEGLSPSRVCIGHSDDTDDLSYLTALAARGYLIGLDHIPHSAIGLEDNASASALMGIRSWQTRALLIKALIDQGYMKQILVSNDWLFGFSSYVTNIMDVMDSVNPDGMAFIPLRVIPFLREKGIPQETLAGITVTNPARFLSPTLRAS,0.000871861
F4,MQTRRVVLKSAAAAGTLLGGLAGCASVAGSIGTGDRINTVRGPITISEAGFTLTHEHICGSSAGFLRAWPEFFGSRKALAEKAVRGLRRARAAGVRTIVDVSTFDLGRDVSLLAEVSRAADVHIVAATGLWLDPPLSMRLRSVEELTQFFLREIQYGIEDTGIRAGIIKVATTGKVTPFQELVLRAAARASLATGVPVTTHTAASQRGGEQQAAIFESEGLSPSRVCIGHSDDTDDLSYLTALAARGYLIGLDHIPHSAIGLEDNASASALLGIRSWQTRALLIKALIDQGYMKQILVSNDWLFGISSYVTNIMDVMDSVNPDGMAFIPLRVIPFLREKGIPQETLAGITVTNPARFLSPTLRAS,0.012189814
E16,MQTRRVVLKSAAAAGTLLGGLAGCASVAGSIGTGDRINTVRGPITISEAGFTLTHEHICGSSAGFLRAWPEFFGSRKALAEKAVRGLRRARAAGVRTIVDVSTFDLGRDVSLLAEVSRAADVHIVAATGLWLDPPLSMRLRSVEELTQFFLREIQYGIEDTGIRAGIIKVATTGKVTPFQELVLRAAARASLATGVPVTTHTAASQRGGEQQAAIFESEGLSPSRVCIGHSDDTDDLSYLTALAARGYLIGLDHIPHSAIGLEDNASASALLGIRSWQTRALLIKALIDQGYMKQILVSNDWLFGFSSYVTNFMDVMDSVNPDGMAFIPLRVIPFLREKGIPQETLAGITVTNPARFLSPTLRAS,0.000399042
D1,MQTRRVVLKSAAAAGTLLGGLAGCASVAGSIGTGDRINTVRGPITISEAGFTLTHEHICGSSAGFLRAWPEFFGSRKALAEKAVRGLRRARAAGVRTIVDVSTFDLGRDVSLLAEVSRAADVHIVAATGLWLDPPLSMRLRSVEELTQFFLREIQYGIEDTGIRAGIIKVATTGKVTPFQELVLRAAARASLATGVPVTTHTAASQRGGEQQAAIFESEGLSPSRVCIGHSDETDDLSYLTALAARGYLIGLDRIPHSAIGLEDNASASALLGIRSWQTRALLIKALIDQGYMKQILVSNDWLFGFSSYVTNIMDVMDSVNPDGMAFIPLRVIPFLREKGIPQETLAGITVTNPARFLSPTLRAS,0.242049778
F5,MQTRRVVLKSAAAAGTLLGGLAGCASVAGSIGTGDRINTVRGPITISEAGFTLTHEHICGSSAGFLRAWPEFFGSRKALAEKAVRGLRRARAAGVRTIVDVSTFDLGRDVSLLAEVSRAADVHIVAATGLWLDPPLSMRLRSVEELTQFFLREIQYGIEDTGIRAGIIKVATTGKVTPFQELVLRAAARASLATGVPVTTHTAASQRGGEQQAAIFESEGLSPSRVCIGHSDETDDLSYLTALAARGYLIGLDHIPHSAIGLEDNASASAFLGIRSWQTRALLIKALIDQGYMKQILVSNDWLFGFSSYVTNIMDVMDSVNPDGMAFIPLRVIPFLREKGIPQETLAGITVTNPARFLSPTLRAS,0.001734442
F6,MQTRRVVLKSAAAAGTLLGGLAGCASVAGSIGTGDRINTVRGPITISEAGFTLTHEHICGSSAGFLRAWPEFFGSRKALAEKAVRGLRRARAAGVRTIVDVSTFDLGRDVSLLAEVSRAADVHIVAATGLWLDPPLSMRLRSVEELTQFFLREIQYGIEDTGIRAGIIKVATTGKVTPFQELVLRAAARASLATGVPVTTHTAASQRGGEQQAAIFESEGLSPSRVCIGHSDETDDLSYLTALAARGYLIGLDHIPHSAIGLEDNASASALMGIRSWQTRALLIKALIDQGYMKQILVSNDWLFGFSSYVTNIMDVMDSVNPDGMAFIPLRVIPFLREKGIPQETLAGITVTNPARFLSPTLRAS,0.002080124
F7,MQTRRVVLKSAAAAGTLLGGLAGCASVAGSIGTGDRINTVRGPITISEAGFTLTHEHICGSSAGFLRAWPEFFGSRKALAEKAVRGLRRARAAGVRTIVDVSTFDLGRDVSLLAEVSRAADVHIVAATGLWLDPPLSMRLRSVEELTQFFLREIQYGIEDTGIRAGIIKVATTGKVTPFQELVLRAAARASLATGVPVTTHTAASQRGGEQQAAIFESEGLSPSRVCIGHSDETDDLSYLTALAARGYLIGLDHIPHSAIGLEDNASASALLGIRSWQTRALLIKALIDQGYMKQILVSNDWLFGISSYVTNIMDVMDSVNPDGMAFIPLRVIPFLREKGIPQETLAGITVTNPARFLSPTLRAS,0.041544943
E1,MQTRRVVLKSAAAAGTLLGGLAGCASVAGSIGTGDRINTVRGPITISEAGFTLTHEHICGSSAGFLRAWPEFFGSRKALAEKAVRGLRRARAAGVRTIVDVSTFDLGRDVSLLAEVSRAADVHIVAATGLWLDPPLSMRLRSVEELTQFFLREIQYGIEDTGIRAGIIKVATTGKVTPFQELVLRAAARASLATGVPVTTHTAASQRGGEQQAAIFESEGLSPSRVCIGHSDETDDLSYLTALAARGYLIGLDHIPHSAIGLEDNASASALLGIRSWQTRALLIKALIDQGYMKQILVSNDWLFGFSSYVTNFMDVMDSVNPDGMAFIPLRVIPFLREKGIPQETLAGITVTNPARFLSPTLRAS,0.001405464
D2,MQTRRVVLKSAAAAGTLLGGLAGCASVAGSIGTGDRINTVRGPITISEAGFTLTHEHICGSSAGFLRAWPEFFGSRKALAEKAVRGLRRARAAGVRTIVDVSTFDLGRDVSLLAEVSRAADVHIVAATGLWLDPPLSMRLRSVEELTQFFLREIQYGIEDTGIRAGIIKVATTGKVTPFQELVLRAAARASLATGVPVTTHTAASQRGGEQQAAIFESEGLSPSRVCIGHSDDTDDLSYLTALAARGYLIGLDRIPHSAIGLEDNASASAFLGIRSWQTRALLIKALIDQGYMKQILVSNDWLFGFSSYVTNIMDVMDSVNPDGMAFIPLRVIPFLREKGIPQETLAGITVTNPARFLSPTLRAS,0.003066594
D3,MQTRRVVLKSAAAAGTLLGGLAGCASVAGSIGTGDRINTVRGPITISEAGFTLTHEHICGSSAGFLRAWPEFFGSRKALAEKAVRGLRRARAAGVRTIVDVSTFDLGRDVSLLAEVSRAADVHIVAATGLWLDPPLSMRLRSVEELTQFFLREIQYGIEDTGIRAGIIKVATTGKVTPFQELVLRAAARASLATGVPVTTHTAASQRGGEQQAAIFESEGLSPSRVCIGHSDDTDDLSYLTALAARGYLIGLDRIPHSAIGLEDNASASALMGIRSWQTRALLIKALIDQGYMKQILVSNDWLFGFSSYVTNIMDVMDSVNPDGMAFIPLRVIPFLREKGIPQETLAGITVTNPARFLSPTLRAS,0.00859565
D4,MQTRRVVLKSAAAAGTLLGGLAGCASVAGSIGTGDRINTVRGPITISEAGFTLTHEHICGSSAGFLRAWPEFFGSRKALAEKAVRGLRRARAAGVRTIVDVSTFDLGRDVSLLAEVSRAADVHIVAATGLWLDPPLSMRLRSVEELTQFFLREIQYGIEDTGIRAGIIKVATTGKVTPFQELVLRAAARASLATGVPVTTHTAASQRGGEQQAAIFESEGLSPSRVCIGHSDDTDDLSYLTALAARGYLIGLDRIPHSAIGLEDNASASALLGIRSWQTRALLIKALIDQGYMKQILVSNDWLFGISSYVTNIMDVMDSVNPDGMAFIPLRVIPFLREKGIPQETLAGITVTNPARFLSPTLRAS,0.075367954
B16,MQTRRVVLKSAAAAGTLLGGLAGCASVAGSIGTGDRINTVRGPITISEAGFTLTHEHICGSSAGFLRAWPEFFGSRKALAEKAVRGLRRARAAGVRTIVDVSTFDLGRDVSLLAEVSRAADVHIVAATGLWLDPPLSMRLRSVEELTQFFLREIQYGIEDTGIRAGIIKVATTGKVTPFQELVLRAAARASLATGVPVTTHTAASQRGGEQQAAIFESEGLSPSRVCIGHSDDTDDLSYLTALAARGYLIGLDRIPHSAIGLEDNASASALLGIRSWQTRALLIKALIDQGYMKQILVSNDWLFGFSSYVTNFMDVMDSVNPDGMAFIPLRVIPFLREKGIPQETLAGITVTNPARFLSPTLRAS,0.00419876
F8,MQTRRVVLKSAAAAGTLLGGLAGCASVAGSIGTGDRINTVRGPITISEAGFTLTHEHICGSSAGFLRAWPEFFGSRKALAEKAVRGLRRARAAGVRTIVDVSTFDLGRDVSLLAEVSRAADVHIVAATGLWLDPPLSMRLRSVEELTQFFLREIQYGIEDTGIRAGIIKVATTGKVTPFQELVLRAAARASLATGVPVTTHTAASQRGGEQQAAIFESEGLSPSRVCIGHSDDTDDLSYLTALAARGYLIGLDHIPHSAIGLEDNASASAFMGIRSWQTRALLIKALIDQGYMKQILVSNDWLFGFSSYVTNIMDVMDSVNPDGMAFIPLRVIPFLREKGIPQETLAGITVTNPARFLSPTLRAS,0.0006561
F9,MQTRRVVLKSAAAAGTLLGGLAGCASVAGSIGTGDRINTVRGPITISEAGFTLTHEHICGSSAGFLRAWPEFFGSRKALAEKAVRGLRRARAAGVRTIVDVSTFDLGRDVSLLAEVSRAADVHIVAATGLWLDPPLSMRLRSVEELTQFFLREIQYGIEDTGIRAGIIKVATTGKVTPFQELVLRAAARASLATGVPVTTHTAASQRGGEQQAAIFESEGLSPSRVCIGHSDDTDDLSYLTALAARGYLIGLDHIPHSAIGLEDNASASAFLGIRSWQTRALLIKALIDQGYMKQILVSNDWLFGISSYVTNIMDVMDSVNPDGMAFIPLRVIPFLREKGIPQETLAGITVTNPARFLSPTLRAS,0.008000798
E2,MQTRRVVLKSAAAAGTLLGGLAGCASVAGSIGTGDRINTVRGPITISEAGFTLTHEHICGSSAGFLRAWPEFFGSRKALAEKAVRGLRRARAAGVRTIVDVSTFDLGRDVSLLAEVSRAADVHIVAATGLWLDPPLSMRLRSVEELTQFFLREIQYGIEDTGIRAGIIKVATTGKVTPFQELVLRAAARASLATGVPVTTHTAASQRGGEQQAAIFESEGLSPSRVCIGHSDDTDDLSYLTALAARGYLIGLDHIPHSAIGLEDNASASAFLGIRSWQTRALLIKALIDQGYMKQILVSNDWLFGFSSYVTNFMDVMDSVNPDGMAFIPLRVIPFLREKGIPQETLAGITVTNPARFLSPTLRAS,0.000296498
F10,MQTRRVVLKSAAAAGTLLGGLAGCASVAGSIGTGDRINTVRGPITISEAGFTLTHEHICGSSAGFLRAWPEFFGSRKALAEKAVRGLRRARAAGVRTIVDVSTFDLGRDVSLLAEVSRAADVHIVAATGLWLDPPLSMRLRSVEELTQFFLREIQYGIEDTGIRAGIIKVATTGKVTPFQELVLRAAARASLATGVPVTTHTAASQRGGEQQAAIFESEGLSPSRVCIGHSDDTDDLSYLTALAARGYLIGLDHIPHSAIGLEDNASASALMGIRSWQTRALLIKALIDQGYMKQILVSNDWLFGISSYVTNIMDVMDSVNPDGMAFIPLRVIPFLREKGIPQETLAGITVTNPARFLSPTLRAS,0.01082379
E3,MQTRRVVLKSAAAAGTLLGGLAGCASVAGSIGTGDRINTVRGPITISEAGFTLTHEHICGSSAGFLRAWPEFFGSRKALAEKAVRGLRRARAAGVRTIVDVSTFDLGRDVSLLAEVSRAADVHIVAATGLWLDPPLSMRLRSVEELTQFFLREIQYGIEDTGIRAGIIKVATTGKVTPFQELVLRAAARASLATGVPVTTHTAASQRGGEQQAAIFESEGLSPSRVCIGHSDDTDDLSYLTALAARGYLIGLDHIPHSAIGLEDNASASALMGIRSWQTRALLIKALIDQGYMKQILVSNDWLFGFSSYVTNFMDVMDSVNPDGMAFIPLRVIPFLREKGIPQETLAGITVTNPARFLSPTLRAS,0.00109087
E4,MQTRRVVLKSAAAAGTLLGGLAGCASVAGSIGTGDRINTVRGPITISEAGFTLTHEHICGSSAGFLRAWPEFFGSRKALAEKAVRGLRRARAAGVRTIVDVSTFDLGRDVSLLAEVSRAADVHIVAATGLWLDPPLSMRLRSVEELTQFFLREIQYGIEDTGIRAGIIKVATTGKVTPFQELVLRAAARASLATGVPVTTHTAASQRGGEQQAAIFESEGLSPSRVCIGHSDDTDDLSYLTALAARGYLIGLDHIPHSAIGLEDNASASALLGIRSWQTRALLIKALIDQGYMKQILVSNDWLFGISSYVTNFMDVMDSVNPDGMAFIPLRVIPFLREKGIPQETLAGITVTNPARFLSPTLRAS,0.002276861
D5,MQTRRVVLKSAAAAGTLLGGLAGCASVAGSIGTGDRINTVRGPITISEAGFTLTHEHICGSSAGFLRAWPEFFGSRKALAEKAVRGLRRARAAGVRTIVDVSTFDLGRDVSLLAEVSRAADVHIVAATGLWLDPPLSMRLRSVEELTQFFLREIQYGIEDTGIRAGIIKVATTGKVTPFQELVLRAAARASLATGVPVTTHTAASQRGGEQQAAIFESEGLSPSRVCIGHSDETDDLSYLTALAARGYLIGLDRIPHSAIGLEDNASASAFLGIRSWQTRALLIKALIDQGYMKQILVSNDWLFGFSSYVTNIMDVMDSVNPDGMAFIPLRVIPFLREKGIPQETLAGITVTNPARFLSPTLRAS,0.116730544
D6,MQTRRVVLKSAAAAGTLLGGLAGCASVAGSIGTGDRINTVRGPITISEAGFTLTHEHICGSSAGFLRAWPEFFGSRKALAEKAVRGLRRARAAGVRTIVDVSTFDLGRDVSLLAEVSRAADVHIVAATGLWLDPPLSMRLRSVEELTQFFLREIQYGIEDTGIRAGIIKVATTGKVTPFQELVLRAAARASLATGVPVTTHTAASQRGGEQQAAIFESEGLSPSRVCIGHSDETDDLSYLTALAARGYLIGLDRIPHSAIGLEDNASASALMGIRSWQTRALLIKALIDQGYMKQILVSNDWLFGFSSYVTNIMDVMDSVNPDGMAFIPLRVIPFLREKGIPQETLAGITVTNPARFLSPTLRAS,0.379060023
D7,MQTRRVVLKSAAAAGTLLGGLAGCASVAGSIGTGDRINTVRGPITISEAGFTLTHEHICGSSAGFLRAWPEFFGSRKALAEKAVRGLRRARAAGVRTIVDVSTFDLGRDVSLLAEVSRAADVHIVAATGLWLDPPLSMRLRSVEELTQFFLREIQYGIEDTGIRAGIIKVATTGKVTPFQELVLRAAARASLATGVPVTTHTAASQRGGEQQAAIFESEGLSPSRVCIGHSDETDDLSYLTALAARGYLIGLDRIPHSAIGLEDNASASALLGIRSWQTRALLIKALIDQGYMKQILVSNDWLFGISSYVTNIMDVMDSVNPDGMAFIPLRVIPFLREKGIPQETLAGITVTNPARFLSPTLRAS,0.488407357
B1,MQTRRVVLKSAAAAGTLLGGLAGCASVAGSIGTGDRINTVRGPITISEAGFTLTHEHICGSSAGFLRAWPEFFGSRKALAEKAVRGLRRARAAGVRTIVDVSTFDLGRDVSLLAEVSRAADVHIVAATGLWLDPPLSMRLRSVEELTQFFLREIQYGIEDTGIRAGIIKVATTGKVTPFQELVLRAAARASLATGVPVTTHTAASQRGGEQQAAIFESEGLSPSRVCIGHSDETDDLSYLTALAARGYLIGLDRIPHSAIGLEDNASASALLGIRSWQTRALLIKALIDQGYMKQILVSNDWLFGFSSYVTNFMDVMDSVNPDGMAFIPLRVIPFLREKGIPQETLAGITVTNPARFLSPTLRAS,0.071535756
F11,MQTRRVVLKSAAAAGTLLGGLAGCASVAGSIGTGDRINTVRGPITISEAGFTLTHEHICGSSAGFLRAWPEFFGSRKALAEKAVRGLRRARAAGVRTIVDVSTFDLGRDVSLLAEVSRAADVHIVAATGLWLDPPLSMRLRSVEELTQFFLREIQYGIEDTGIRAGIIKVATTGKVTPFQELVLRAAARASLATGVPVTTHTAASQRGGEQQAAIFESEGLSPSRVCIGHSDETDDLSYLTALAARGYLIGLDHIPHSAIGLEDNASASAFMGIRSWQTRALLIKALIDQGYMKQILVSNDWLFGFSSYVTNIMDVMDSVNPDGMAFIPLRVIPFLREKGIPQETLAGITVTNPARFLSPTLRAS,0.001724698
F12,MQTRRVVLKSAAAAGTLLGGLAGCASVAGSIGTGDRINTVRGPITISEAGFTLTHEHICGSSAGFLRAWPEFFGSRKALAEKAVRGLRRARAAGVRTIVDVSTFDLGRDVSLLAEVSRAADVHIVAATGLWLDPPLSMRLRSVEELTQFFLREIQYGIEDTGIRAGIIKVATTGKVTPFQELVLRAAARASLATGVPVTTHTAASQRGGEQQAAIFESEGLSPSRVCIGHSDETDDLSYLTALAARGYLIGLDHIPHSAIGLEDNASASAFLGIRSWQTRALLIKALIDQGYMKQILVSNDWLFGISSYVTNIMDVMDSVNPDGMAFIPLRVIPFLREKGIPQETLAGITVTNPARFLSPTLRAS,0.021785853
E5,MQTRRVVLKSAAAAGTLLGGLAGCASVAGSIGTGDRINTVRGPITISEAGFTLTHEHICGSSAGFLRAWPEFFGSRKALAEKAVRGLRRARAAGVRTIVDVSTFDLGRDVSLLAEVSRAADVHIVAATGLWLDPPLSMRLRSVEELTQFFLREIQYGIEDTGIRAGIIKVATTGKVTPFQELVLRAAARASLATGVPVTTHTAASQRGGEQQAAIFESEGLSPSRVCIGHSDETDDLSYLTALAARGYLIGLDHIPHSAIGLEDNASASAFLGIRSWQTRALLIKALIDQGYMKQILVSNDWLFGFSSYVTNFMDVMDSVNPDGMAFIPLRVIPFLREKGIPQETLAGITVTNPARFLSPTLRAS,0.001457896
F13,MQTRRVVLKSAAAAGTLLGGLAGCASVAGSIGTGDRINTVRGPITISEAGFTLTHEHICGSSAGFLRAWPEFFGSRKALAEKAVRGLRRARAAGVRTIVDVSTFDLGRDVSLLAEVSRAADVHIVAATGLWLDPPLSMRLRSVEELTQFFLREIQYGIEDTGIRAGIIKVATTGKVTPFQELVLRAAARASLATGVPVTTHTAASQRGGEQQAAIFESEGLSPSRVCIGHSDETDDLSYLTALAARGYLIGLDHIPHSAIGLEDNASASALMGIRSWQTRALLIKALIDQGYMKQILVSNDWLFGISSYVTNIMDVMDSVNPDGMAFIPLRVIPFLREKGIPQETLAGITVTNPARFLSPTLRAS,0.021435067
E6,MQTRRVVLKSAAAAGTLLGGLAGCASVAGSIGTGDRINTVRGPITISEAGFTLTHEHICGSSAGFLRAWPEFFGSRKALAEKAVRGLRRARAAGVRTIVDVSTFDLGRDVSLLAEVSRAADVHIVAATGLWLDPPLSMRLRSVEELTQFFLREIQYGIEDTGIRAGIIKVATTGKVTPFQELVLRAAARASLATGVPVTTHTAASQRGGEQQAAIFESEGLSPSRVCIGHSDETDDLSYLTALAARGYLIGLDHIPHSAIGLEDNASASALMGIRSWQTRALLIKALIDQGYMKQILVSNDWLFGFSSYVTNFMDVMDSVNPDGMAFIPLRVIPFLREKGIPQETLAGITVTNPARFLSPTLRAS,0.00144444
E7,MQTRRVVLKSAAAAGTLLGGLAGCASVAGSIGTGDRINTVRGPITISEAGFTLTHEHICGSSAGFLRAWPEFFGSRKALAEKAVRGLRRARAAGVRTIVDVSTFDLGRDVSLLAEVSRAADVHIVAATGLWLDPPLSMRLRSVEELTQFFLREIQYGIEDTGIRAGIIKVATTGKVTPFQELVLRAAARASLATGVPVTTHTAASQRGGEQQAAIFESEGLSPSRVCIGHSDETDDLSYLTALAARGYLIGLDHIPHSAIGLEDNASASALLGIRSWQTRALLIKALIDQGYMKQILVSNDWLFGISSYVTNFMDVMDSVNPDGMAFIPLRVIPFLREKGIPQETLAGITVTNPARFLSPTLRAS,0.010803374
D8,MQTRRVVLKSAAAAGTLLGGLAGCASVAGSIGTGDRINTVRGPITISEAGFTLTHEHICGSSAGFLRAWPEFFGSRKALAEKAVRGLRRARAAGVRTIVDVSTFDLGRDVSLLAEVSRAADVHIVAATGLWLDPPLSMRLRSVEELTQFFLREIQYGIEDTGIRAGIIKVATTGKVTPFQELVLRAAARASLATGVPVTTHTAASQRGGEQQAAIFESEGLSPSRVCIGHSDDTDDLSYLTALAARGYLIGLDRIPHSAIGLEDNASASAFMGIRSWQTRALLIKALIDQGYMKQILVSNDWLFGFSSYVTNIMDVMDSVNPDGMAFIPLRVIPFLREKGIPQETLAGITVTNPARFLSPTLRAS,0.011172256
D9,MQTRRVVLKSAAAAGTLLGGLAGCASVAGSIGTGDRINTVRGPITISEAGFTLTHEHICGSSAGFLRAWPEFFGSRKALAEKAVRGLRRARAAGVRTIVDVSTFDLGRDVSLLAEVSRAADVHIVAATGLWLDPPLSMRLRSVEELTQFFLREIQYGIEDTGIRAGIIKVATTGKVTPFQELVLRAAARASLATGVPVTTHTAASQRGGEQQAAIFESEGLSPSRVCIGHSDDTDDLSYLTALAARGYLIGLDRIPHSAIGLEDNASASAFLGIRSWQTRALLIKALIDQGYMKQILVSNDWLFGISSYVTNIMDVMDSVNPDGMAFIPLRVIPFLREKGIPQETLAGITVTNPARFLSPTLRAS,0.060336124
B2,MQTRRVVLKSAAAAGTLLGGLAGCASVAGSIGTGDRINTVRGPITISEAGFTLTHEHICGSSAGFLRAWPEFFGSRKALAEKAVRGLRRARAAGVRTIVDVSTFDLGRDVSLLAEVSRAADVHIVAATGLWLDPPLSMRLRSVEELTQFFLREIQYGIEDTGIRAGIIKVATTGKVTPFQELVLRAAARASLATGVPVTTHTAASQRGGEQQAAIFESEGLSPSRVCIGHSDDTDDLSYLTALAARGYLIGLDRIPHSAIGLEDNASASAFLGIRSWQTRALLIKALIDQGYMKQILVSNDWLFGFSSYVTNFMDVMDSVNPDGMAFIPLRVIPFLREKGIPQETLAGITVTNPARFLSPTLRAS,0.004095752
D10,MQTRRVVLKSAAAAGTLLGGLAGCASVAGSIGTGDRINTVRGPITISEAGFTLTHEHICGSSAGFLRAWPEFFGSRKALAEKAVRGLRRARAAGVRTIVDVSTFDLGRDVSLLAEVSRAADVHIVAATGLWLDPPLSMRLRSVEELTQFFLREIQYGIEDTGIRAGIIKVATTGKVTPFQELVLRAAARASLATGVPVTTHTAASQRGGEQQAAIFESEGLSPSRVCIGHSDDTDDLSYLTALAARGYLIGLDRIPHSAIGLEDNASASALMGIRSWQTRALLIKALIDQGYMKQILVSNDWLFGISSYVTNIMDVMDSVNPDGMAFIPLRVIPFLREKGIPQETLAGITVTNPARFLSPTLRAS,0.246339483
B3,MQTRRVVLKSAAAAGTLLGGLAGCASVAGSIGTGDRINTVRGPITISEAGFTLTHEHICGSSAGFLRAWPEFFGSRKALAEKAVRGLRRARAAGVRTIVDVSTFDLGRDVSLLAEVSRAADVHIVAATGLWLDPPLSMRLRSVEELTQFFLREIQYGIEDTGIRAGIIKVATTGKVTPFQELVLRAAARASLATGVPVTTHTAASQRGGEQQAAIFESEGLSPSRVCIGHSDDTDDLSYLTALAARGYLIGLDRIPHSAIGLEDNASASALMGIRSWQTRALLIKALIDQGYMKQILVSNDWLFGFSSYVTNFMDVMDSVNPDGMAFIPLRVIPFLREKGIPQETLAGITVTNPARFLSPTLRAS,0.01429685
B4,MQTRRVVLKSAAAAGTLLGGLAGCASVAGSIGTGDRINTVRGPITISEAGFTLTHEHICGSSAGFLRAWPEFFGSRKALAEKAVRGLRRARAAGVRTIVDVSTFDLGRDVSLLAEVSRAADVHIVAATGLWLDPPLSMRLRSVEELTQFFLREIQYGIEDTGIRAGIIKVATTGKVTPFQELVLRAAARASLATGVPVTTHTAASQRGGEQQAAIFESEGLSPSRVCIGHSDDTDDLSYLTALAARGYLIGLDRIPHSAIGLEDNASASALLGIRSWQTRALLIKALIDQGYMKQILVSNDWLFGISSYVTNFMDVMDSVNPDGMAFIPLRVIPFLREKGIPQETLAGITVTNPARFLSPTLRAS,0.028701813
F14,MQTRRVVLKSAAAAGTLLGGLAGCASVAGSIGTGDRINTVRGPITISEAGFTLTHEHICGSSAGFLRAWPEFFGSRKALAEKAVRGLRRARAAGVRTIVDVSTFDLGRDVSLLAEVSRAADVHIVAATGLWLDPPLSMRLRSVEELTQFFLREIQYGIEDTGIRAGIIKVATTGKVTPFQELVLRAAARASLATGVPVTTHTAASQRGGEQQAAIFESEGLSPSRVCIGHSDDTDDLSYLTALAARGYLIGLDHIPHSAIGLEDNASASAFMGIRSWQTRALLIKALIDQGYMKQILVSNDWLFGISSYVTNIMDVMDSVNPDGMAFIPLRVIPFLREKGIPQETLAGITVTNPARFLSPTLRAS,0.010083242
E8,MQTRRVVLKSAAAAGTLLGGLAGCASVAGSIGTGDRINTVRGPITISEAGFTLTHEHICGSSAGFLRAWPEFFGSRKALAEKAVRGLRRARAAGVRTIVDVSTFDLGRDVSLLAEVSRAADVHIVAATGLWLDPPLSMRLRSVEELTQFFLREIQYGIEDTGIRAGIIKVATTGKVTPFQELVLRAAARASLATGVPVTTHTAASQRGGEQQAAIFESEGLSPSRVCIGHSDDTDDLSYLTALAARGYLIGLDHIPHSAIGLEDNASASAFMGIRSWQTRALLIKALIDQGYMKQILVSNDWLFGFSSYVTNFMDVMDSVNPDGMAFIPLRVIPFLREKGIPQETLAGITVTNPARFLSPTLRAS,0.000544275
E9,MQTRRVVLKSAAAAGTLLGGLAGCASVAGSIGTGDRINTVRGPITISEAGFTLTHEHICGSSAGFLRAWPEFFGSRKALAEKAVRGLRRARAAGVRTIVDVSTFDLGRDVSLLAEVSRAADVHIVAATGLWLDPPLSMRLRSVEELTQFFLREIQYGIEDTGIRAGIIKVATTGKVTPFQELVLRAAARASLATGVPVTTHTAASQRGGEQQAAIFESEGLSPSRVCIGHSDDTDDLSYLTALAARGYLIGLDHIPHSAIGLEDNASASAFLGIRSWQTRALLIKALIDQGYMKQILVSNDWLFGISSYVTNFMDVMDSVNPDGMAFIPLRVIPFLREKGIPQETLAGITVTNPARFLSPTLRAS,0.019822194
E10,MQTRRVVLKSAAAAGTLLGGLAGCASVAGSIGTGDRINTVRGPITISEAGFTLTHEHICGSSAGFLRAWPEFFGSRKALAEKAVRGLRRARAAGVRTIVDVSTFDLGRDVSLLAEVSRAADVHIVAATGLWLDPPLSMRLRSVEELTQFFLREIQYGIEDTGIRAGIIKVATTGKVTPFQELVLRAAARASLATGVPVTTHTAASQRGGEQQAAIFESEGLSPSRVCIGHSDDTDDLSYLTALAARGYLIGLDHIPHSAIGLEDNASASALMGIRSWQTRALLIKALIDQGYMKQILVSNDWLFGISSYVTNFMDVMDSVNPDGMAFIPLRVIPFLREKGIPQETLAGITVTNPARFLSPTLRAS,0.006662614
D11,MQTRRVVLKSAAAAGTLLGGLAGCASVAGSIGTGDRINTVRGPITISEAGFTLTHEHICGSSAGFLRAWPEFFGSRKALAEKAVRGLRRARAAGVRTIVDVSTFDLGRDVSLLAEVSRAADVHIVAATGLWLDPPLSMRLRSVEELTQFFLREIQYGIEDTGIRAGIIKVATTGKVTPFQELVLRAAARASLATGVPVTTHTAASQRGGEQQAAIFESEGLSPSRVCIGHSDETDDLSYLTALAARGYLIGLDRIPHSAIGLEDNASASAFMGIRSWQTRALLIKALIDQGYMKQILVSNDWLFGFSSYVTNIMDVMDSVNPDGMAFIPLRVIPFLREKGIPQETLAGITVTNPARFLSPTLRAS,0.292530949
D12,MQTRRVVLKSAAAAGTLLGGLAGCASVAGSIGTGDRINTVRGPITISEAGFTLTHEHICGSSAGFLRAWPEFFGSRKALAEKAVRGLRRARAAGVRTIVDVSTFDLGRDVSLLAEVSRAADVHIVAATGLWLDPPLSMRLRSVEELTQFFLREIQYGIEDTGIRAGIIKVATTGKVTPFQELVLRAAARASLATGVPVTTHTAASQRGGEQQAAIFESEGLSPSRVCIGHSDETDDLSYLTALAARGYLIGLDRIPHSAIGLEDNASASAFLGIRSWQTRALLIKALIDQGYMKQILVSNDWLFGISSYVTNIMDVMDSVNPDGMAFIPLRVIPFLREKGIPQETLAGITVTNPARFLSPTLRAS,0.808301936
B5,MQTRRVVLKSAAAAGTLLGGLAGCASVAGSIGTGDRINTVRGPITISEAGFTLTHEHICGSSAGFLRAWPEFFGSRKALAEKAVRGLRRARAAGVRTIVDVSTFDLGRDVSLLAEVSRAADVHIVAATGLWLDPPLSMRLRSVEELTQFFLREIQYGIEDTGIRAGIIKVATTGKVTPFQELVLRAAARASLATGVPVTTHTAASQRGGEQQAAIFESEGLSPSRVCIGHSDETDDLSYLTALAARGYLIGLDRIPHSAIGLEDNASASAFLGIRSWQTRALLIKALIDQGYMKQILVSNDWLFGFSSYVTNFMDVMDSVNPDGMAFIPLRVIPFLREKGIPQETLAGITVTNPARFLSPTLRAS,0.314389651
D13,MQTRRVVLKSAAAAGTLLGGLAGCASVAGSIGTGDRINTVRGPITISEAGFTLTHEHICGSSAGFLRAWPEFFGSRKALAEKAVRGLRRARAAGVRTIVDVSTFDLGRDVSLLAEVSRAADVHIVAATGLWLDPPLSMRLRSVEELTQFFLREIQYGIEDTGIRAGIIKVATTGKVTPFQELVLRAAARASLATGVPVTTHTAASQRGGEQQAAIFESEGLSPSRVCIGHSDETDDLSYLTALAARGYLIGLDRIPHSAIGLEDNASASALMGIRSWQTRALLIKALIDQGYMKQILVSNDWLFGISSYVTNIMDVMDSVNPDGMAFIPLRVIPFLREKGIPQETLAGITVTNPARFLSPTLRAS,0.607063049
B6,MQTRRVVLKSAAAAGTLLGGLAGCASVAGSIGTGDRINTVRGPITISEAGFTLTHEHICGSSAGFLRAWPEFFGSRKALAEKAVRGLRRARAAGVRTIVDVSTFDLGRDVSLLAEVSRAADVHIVAATGLWLDPPLSMRLRSVEELTQFFLREIQYGIEDTGIRAGIIKVATTGKVTPFQELVLRAAARASLATGVPVTTHTAASQRGGEQQAAIFESEGLSPSRVCIGHSDETDDLSYLTALAARGYLIGLDRIPHSAIGLEDNASASALMGIRSWQTRALLIKALIDQGYMKQILVSNDWLFGFSSYVTNFMDVMDSVNPDGMAFIPLRVIPFLREKGIPQETLAGITVTNPARFLSPTLRAS,0.224848735
B7,MQTRRVVLKSAAAAGTLLGGLAGCASVAGSIGTGDRINTVRGPITISEAGFTLTHEHICGSSAGFLRAWPEFFGSRKALAEKAVRGLRRARAAGVRTIVDVSTFDLGRDVSLLAEVSRAADVHIVAATGLWLDPPLSMRLRSVEELTQFFLREIQYGIEDTGIRAGIIKVATTGKVTPFQELVLRAAARASLATGVPVTTHTAASQRGGEQQAAIFESEGLSPSRVCIGHSDETDDLSYLTALAARGYLIGLDRIPHSAIGLEDNASASALLGIRSWQTRALLIKALIDQGYMKQILVSNDWLFGISSYVTNFMDVMDSVNPDGMAFIPLRVIPFLREKGIPQETLAGITVTNPARFLSPTLRAS,0.301053286
F15,MQTRRVVLKSAAAAGTLLGGLAGCASVAGSIGTGDRINTVRGPITISEAGFTLTHEHICGSSAGFLRAWPEFFGSRKALAEKAVRGLRRARAAGVRTIVDVSTFDLGRDVSLLAEVSRAADVHIVAATGLWLDPPLSMRLRSVEELTQFFLREIQYGIEDTGIRAGIIKVATTGKVTPFQELVLRAAARASLATGVPVTTHTAASQRGGEQQAAIFESEGLSPSRVCIGHSDETDDLSYLTALAARGYLIGLDHIPHSAIGLEDNASASAFMGIRSWQTRALLIKALIDQGYMKQILVSNDWLFGISSYVTNIMDVMDSVNPDGMAFIPLRVIPFLREKGIPQETLAGITVTNPARFLSPTLRAS,0.02252037
E11,MQTRRVVLKSAAAAGTLLGGLAGCASVAGSIGTGDRINTVRGPITISEAGFTLTHEHICGSSAGFLRAWPEFFGSRKALAEKAVRGLRRARAAGVRTIVDVSTFDLGRDVSLLAEVSRAADVHIVAATGLWLDPPLSMRLRSVEELTQFFLREIQYGIEDTGIRAGIIKVATTGKVTPFQELVLRAAARASLATGVPVTTHTAASQRGGEQQAAIFESEGLSPSRVCIGHSDETDDLSYLTALAARGYLIGLDHIPHSAIGLEDNASASAFMGIRSWQTRALLIKALIDQGYMKQILVSNDWLFGFSSYVTNFMDVMDSVNPDGMAFIPLRVIPFLREKGIPQETLAGITVTNPARFLSPTLRAS,0.001645353
E12,MQTRRVVLKSAAAAGTLLGGLAGCASVAGSIGTGDRINTVRGPITISEAGFTLTHEHICGSSAGFLRAWPEFFGSRKALAEKAVRGLRRARAAGVRTIVDVSTFDLGRDVSLLAEVSRAADVHIVAATGLWLDPPLSMRLRSVEELTQFFLREIQYGIEDTGIRAGIIKVATTGKVTPFQELVLRAAARASLATGVPVTTHTAASQRGGEQQAAIFESEGLSPSRVCIGHSDETDDLSYLTALAARGYLIGLDHIPHSAIGLEDNASASAFLGIRSWQTRALLIKALIDQGYMKQILVSNDWLFGISSYVTNFMDVMDSVNPDGMAFIPLRVIPFLREKGIPQETLAGITVTNPARFLSPTLRAS,0.072140816
E13,MQTRRVVLKSAAAAGTLLGGLAGCASVAGSIGTGDRINTVRGPITISEAGFTLTHEHICGSSAGFLRAWPEFFGSRKALAEKAVRGLRRARAAGVRTIVDVSTFDLGRDVSLLAEVSRAADVHIVAATGLWLDPPLSMRLRSVEELTQFFLREIQYGIEDTGIRAGIIKVATTGKVTPFQELVLRAAARASLATGVPVTTHTAASQRGGEQQAAIFESEGLSPSRVCIGHSDETDDLSYLTALAARGYLIGLDHIPHSAIGLEDNASASALMGIRSWQTRALLIKALIDQGYMKQILVSNDWLFGISSYVTNFMDVMDSVNPDGMAFIPLRVIPFLREKGIPQETLAGITVTNPARFLSPTLRAS,0.001383656
E14,MQTRRVVLKSAAAAGTLLGGLAGCASVAGSIGTGDRINTVRGPITISEAGFTLTHEHICGSSAGFLRAWPEFFGSRKALAEKAVRGLRRARAAGVRTIVDVSTFDLGRDVSLLAEVSRAADVHIVAATGLWLDPPLSMRLRSVEELTQFFLREIQYGIEDTGIRAGIIKVATTGKVTPFQELVLRAAARASLATGVPVTTHTAASQRGGEQQAAIFESEGLSPSRVCIGHSDDTDDLSYLTALAARGYLIGLDHIPHSAIGLEDNASASAFMGIRSWQTRALLIKALIDQGYMKQILVSNDWLFGISSYVTNFMDVMDSVNPDGMAFIPLRVIPFLREKGIPQETLAGITVTNPARFLSPTLRAS,0.022366785
B10,MQTRRVVLKSAAAAGTLLGGLAGCASVAGSIGTGDRINTVRGPITISEAGFTLTHEHICGSSAGFLRAWPEFFGSRKALAEKAVRGLRRARAAGVRTIVDVSTFDLGRDVSLLAEVSRAADVHIVAATGLWLDPPLSMRLRSVEELTQFFLREIQYGIEDTGIRAGIIKVATTGKVTPFQELVLRAAARASLATGVPVTTHTAASQRGGEQQAAIFESEGLSPSRVCIGHSDDTDDLSYLTALAARGYLIGLDRIPHSAIGLEDNASASALMGIRSWQTRALLIKALIDQGYMKQILVSNDWLFGISSYVTNFMDVMDSVNPDGMAFIPLRVIPFLREKGIPQETLAGITVTNPARFLSPTLRAS,0.199875647
D14,MQTRRVVLKSAAAAGTLLGGLAGCASVAGSIGTGDRINTVRGPITISEAGFTLTHEHICGSSAGFLRAWPEFFGSRKALAEKAVRGLRRARAAGVRTIVDVSTFDLGRDVSLLAEVSRAADVHIVAATGLWLDPPLSMRLRSVEELTQFFLREIQYGIEDTGIRAGIIKVATTGKVTPFQELVLRAAARASLATGVPVTTHTAASQRGGEQQAAIFESEGLSPSRVCIGHSDDTDDLSYLTALAARGYLIGLDRIPHSAIGLEDNASASAFMGIRSWQTRALLIKALIDQGYMKQILVSNDWLFGISSYVTNIMDVMDSVNPDGMAFIPLRVIPFLREKGIPQETLAGITVTNPARFLSPTLRAS,0.41417389
B8,MQTRRVVLKSAAAAGTLLGGLAGCASVAGSIGTGDRINTVRGPITISEAGFTLTHEHICGSSAGFLRAWPEFFGSRKALAEKAVRGLRRARAAGVRTIVDVSTFDLGRDVSLLAEVSRAADVHIVAATGLWLDPPLSMRLRSVEELTQFFLREIQYGIEDTGIRAGIIKVATTGKVTPFQELVLRAAARASLATGVPVTTHTAASQRGGEQQAAIFESEGLSPSRVCIGHSDDTDDLSYLTALAARGYLIGLDRIPHSAIGLEDNASASAFMGIRSWQTRALLIKALIDQGYMKQILVSNDWLFGFSSYVTNFMDVMDSVNPDGMAFIPLRVIPFLREKGIPQETLAGITVTNPARFLSPTLRAS,0.018320218
B9,MQTRRVVLKSAAAAGTLLGGLAGCASVAGSIGTGDRINTVRGPITISEAGFTLTHEHICGSSAGFLRAWPEFFGSRKALAEKAVRGLRRARAAGVRTIVDVSTFDLGRDVSLLAEVSRAADVHIVAATGLWLDPPLSMRLRSVEELTQFFLREIQYGIEDTGIRAGIIKVATTGKVTPFQELVLRAAARASLATGVPVTTHTAASQRGGEQQAAIFESEGLSPSRVCIGHSDDTDDLSYLTALAARGYLIGLDRIPHSAIGLEDNASASAFLGIRSWQTRALLIKALIDQGYMKQILVSNDWLFGISSYVTNFMDVMDSVNPDGMAFIPLRVIPFLREKGIPQETLAGITVTNPARFLSPTLRAS,0.185157019
B14,MQTRRVVLKSAAAAGTLLGGLAGCASVAGSIGTGDRINTVRGPITISEAGFTLTHEHICGSSAGFLRAWPEFFGSRKALAEKAVRGLRRARAAGVRTIVDVSTFDLGRDVSLLAEVSRAADVHIVAATGLWLDPPLSMRLRSVEELTQFFLREIQYGIEDTGIRAGIIKVATTGKVTPFQELVLRAAARASLATGVPVTTHTAASQRGGEQQAAIFESEGLSPSRVCIGHSDDTDDLSYLTALAARGYLIGLDRIPHSAIGLEDNASASAFMGIRSWQTRALLIKALIDQGYMKQILVSNDWLFGISSYVTNFMDVMDSVNPDGMAFIPLRVIPFLREKGIPQETLAGITVTNPARFLSPTLRAS,0.546765901
E15,MQTRRVVLKSAAAAGTLLGGLAGCASVAGSIGTGDRINTVRGPITISEAGFTLTHEHICGSSAGFLRAWPEFFGSRKALAEKAVRGLRRARAAGVRTIVDVSTFDLGRDVSLLAEVSRAADVHIVAATGLWLDPPLSMRLRSVEELTQFFLREIQYGIEDTGIRAGIIKVATTGKVTPFQELVLRAAARASLATGVPVTTHTAASQRGGEQQAAIFESEGLSPSRVCIGHSDETDDLSYLTALAARGYLIGLDHIPHSAIGLEDNASASAFMGIRSWQTRALLIKALIDQGYMKQILVSNDWLFGISSYVTNFMDVMDSVNPDGMAFIPLRVIPFLREKGIPQETLAGITVTNPARFLSPTLRAS,0.048161621
B13,MQTRRVVLKSAAAAGTLLGGLAGCASVAGSIGTGDRINTVRGPITISEAGFTLTHEHICGSSAGFLRAWPEFFGSRKALAEKAVRGLRRARAAGVRTIVDVSTFDLGRDVSLLAEVSRAADVHIVAATGLWLDPPLSMRLRSVEELTQFFLREIQYGIEDTGIRAGIIKVATTGKVTPFQELVLRAAARASLATGVPVTTHTAASQRGGEQQAAIFESEGLSPSRVCIGHSDETDDLSYLTALAARGYLIGLDRIPHSAIGLEDNASASALMGIRSWQTRALLIKALIDQGYMKQILVSNDWLFGISSYVTNFMDVMDSVNPDGMAFIPLRVIPFLREKGIPQETLAGITVTNPARFLSPTLRAS,0.466057276
B12,MQTRRVVLKSAAAAGTLLGGLAGCASVAGSIGTGDRINTVRGPITISEAGFTLTHEHICGSSAGFLRAWPEFFGSRKALAEKAVRGLRRARAAGVRTIVDVSTFDLGRDVSLLAEVSRAADVHIVAATGLWLDPPLSMRLRSVEELTQFFLREIQYGIEDTGIRAGIIKVATTGKVTPFQELVLRAAARASLATGVPVTTHTAASQRGGEQQAAIFESEGLSPSRVCIGHSDETDDLSYLTALAARGYLIGLDRIPHSAIGLEDNASASAFLGIRSWQTRALLIKALIDQGYMKQILVSNDWLFGISSYVTNFMDVMDSVNPDGMAFIPLRVIPFLREKGIPQETLAGITVTNPARFLSPTLRAS,0.585404332
B11,MQTRRVVLKSAAAAGTLLGGLAGCASVAGSIGTGDRINTVRGPITISEAGFTLTHEHICGSSAGFLRAWPEFFGSRKALAEKAVRGLRRARAAGVRTIVDVSTFDLGRDVSLLAEVSRAADVHIVAATGLWLDPPLSMRLRSVEELTQFFLREIQYGIEDTGIRAGIIKVATTGKVTPFQELVLRAAARASLATGVPVTTHTAASQRGGEQQAAIFESEGLSPSRVCIGHSDETDDLSYLTALAARGYLIGLDRIPHSAIGLEDNASASAFMGIRSWQTRALLIKALIDQGYMKQILVSNDWLFGFSSYVTNFMDVMDSVNPDGMAFIPLRVIPFLREKGIPQETLAGITVTNPARFLSPTLRAS,0.59200245
D15,MQTRRVVLKSAAAAGTLLGGLAGCASVAGSIGTGDRINTVRGPITISEAGFTLTHEHICGSSAGFLRAWPEFFGSRKALAEKAVRGLRRARAAGVRTIVDVSTFDLGRDVSLLAEVSRAADVHIVAATGLWLDPPLSMRLRSVEELTQFFLREIQYGIEDTGIRAGIIKVATTGKVTPFQELVLRAAARASLATGVPVTTHTAASQRGGEQQAAIFESEGLSPSRVCIGHSDETDDLSYLTALAARGYLIGLDRIPHSAIGLEDNASASAFMGIRSWQTRALLIKALIDQGYMKQILVSNDWLFGISSYVTNIMDVMDSVNPDGMAFIPLRVIPFLREKGIPQETLAGITVTNPARFLSPTLRAS,0.735307355
B15,MQTRRVVLKSAAAAGTLLGGLAGCASVAGSIGTGDRINTVRGPITISEAGFTLTHEHICGSSAGFLRAWPEFFGSRKALAEKAVRGLRRARAAGVRTIVDVSTFDLGRDVSLLAEVSRAADVHIVAATGLWLDPPLSMRLRSVEELTQFFLREIQYGIEDTGIRAGIIKVATTGKVTPFQELVLRAAARASLATGVPVTTHTAASQRGGEQQAAIFESEGLSPSRVCIGHSDETDDLSYLTALAARGYLIGLDRIPHSAIGLEDNASASAFMGIRSWQTRALLIKALIDQGYMKQILVSNDWLFGISSYVTNFMDVMDSVNPDGMAFIPLRVIPFLREKGIPQETLAGITVTNPARFLSPTLRAS,0.463239852